task_name,seed,env,ordering,call_index,function_name,domain_dim,domain_sizes_json,max_batch,rmax,nswp,eps,kickrank,elapsed_sec,memory_mb_start,memory_mb_end,function_eval_requests,queried_points,rank_profile_json,rank_max,rank_mean
HM12_state40_action50_iter30_orderblock_pam_seed8_formal5080,8,HM12,block_pam,1,reward_fcn,28,"[40, 40, 40, 40, 50, 2, 50, 2, 50, 2, 50, 2, 50, 2, 50, 2, 50, 2, 50, 2, 50, 2, 50, 2, 50, 2, 50, 2]",100002,100,10,0.0001,10,1.3829226456582546,0.0128,8.5888,272114,272114,"[2, 2, 2, 2, 3, 2, 3, 2, 3, 2, 3, 2, 3, 2, 3, 2, 3, 2, 3, 2, 3, 2, 3, 2, 3, 2, 2]",3,2.4074074074074074
HM12_state40_action50_iter30_orderblock_pam_seed8_formal5080,8,HM12,block_pam,2,bellman_operator,4,"[40, 40, 40, 40]",10002,100,5,0.001,10,3.4370334120467305,8.912384,8.917504,120960,120960,"[2, 1, 1]",2,1.3333333333333333
HM12_state40_action50_iter30_orderblock_pam_seed8_formal5080,8,HM12,block_pam,3,get_advantage_from_value,28,"[40, 40, 40, 40, 50, 2, 50, 2, 50, 2, 50, 2, 50, 2, 50, 2, 50, 2, 50, 2, 50, 2, 50, 2, 50, 2, 50, 2]",100002,100,10,0.001,10,1.18355892598629,8.914432,8.948224,272114,272114,"[3, 3, 2, 1, 1, 1, 1, 1, 1, 1, 1, 1, 1, 1, 1, 1, 1, 1, 1, 1, 1, 1, 1, 1, 1, 1, 1]",3,1.1851851851851851
HM12_state40_action50_iter30_orderblock_pam_seed8_formal5080,8,HM12,block_pam,4,bellman_operator,4,"[40, 40, 40, 40]",10002,100,5,0.001,10,2.9853655034676194,8.81408,8.8192,120960,120960,"[2, 1, 1]",2,1.3333333333333333
HM12_state40_action50_iter30_orderblock_pam_seed8_formal5080,8,HM12,block_pam,5,get_advantage_from_value,28,"[40, 40, 40, 40, 50, 2, 50, 2, 50, 2, 50, 2, 50, 2, 50, 2, 50, 2, 50, 2, 50, 2, 50, 2, 50, 2, 50, 2]",100002,100,10,0.001,10,1.1968506081029773,8.81408,8.847872,272114,272114,"[3, 3, 2, 1, 1, 1, 1, 1, 1, 1, 1, 1, 1, 1, 1, 1, 1, 1, 1, 1, 1, 1, 1, 1, 1, 1, 1]",3,1.1851851851851851
HM12_state40_action50_iter30_orderblock_pam_seed8_formal5080,8,HM12,block_pam,6,bellman_operator,4,"[40, 40, 40, 40]",10002,100,5,0.001,10,3.006968615576625,8.81408,8.823296,120960,120960,"[3, 3, 2]",3,2.6666666666666665
HM12_state40_action50_iter30_orderblock_pam_seed8_formal5080,8,HM12,block_pam,7,get_advantage_from_value,28,"[40, 40, 40, 40, 50, 2, 50, 2, 50, 2, 50, 2, 50, 2, 50, 2, 50, 2, 50, 2, 50, 2, 50, 2, 50, 2, 50, 2]",100002,100,10,0.001,10,1.148558328859508,8.822272,8.856064,272114,272114,"[3, 3, 2, 1, 1, 1, 1, 1, 1, 1, 1, 1, 1, 1, 1, 1, 1, 1, 1, 1, 1, 1, 1, 1, 1, 1, 1]",3,1.1851851851851851
HM12_state40_action50_iter30_orderblock_pam_seed8_formal5080,8,HM12,block_pam,8,bellman_operator,4,"[40, 40, 40, 40]",10002,100,5,0.001,10,2.976006703451276,8.822272,8.831488,120960,120960,"[3, 3, 2]",3,2.6666666666666665
HM12_state40_action50_iter30_orderblock_pam_seed8_formal5080,8,HM12,block_pam,9,get_advantage_from_value,28,"[40, 40, 40, 40, 50, 2, 50, 2, 50, 2, 50, 2, 50, 2, 50, 2, 50, 2, 50, 2, 50, 2, 50, 2, 50, 2, 50, 2]",100002,100,10,0.001,10,1.2118957238271832,8.822272,8.856064,272114,272114,"[3, 3, 2, 1, 1, 1, 1, 1, 1, 1, 1, 1, 1, 1, 1, 1, 1, 1, 1, 1, 1, 1, 1, 1, 1, 1, 1]",3,1.1851851851851851
HM12_state40_action50_iter30_orderblock_pam_seed8_formal5080,8,HM12,block_pam,10,bellman_operator,4,"[40, 40, 40, 40]",10002,100,5,0.001,10,2.9505227729678154,8.822272,8.831488,120960,120960,"[3, 3, 2]",3,2.6666666666666665
HM12_state40_action50_iter30_orderblock_pam_seed8_formal5080,8,HM12,block_pam,11,get_advantage_from_value,28,"[40, 40, 40, 40, 50, 2, 50, 2, 50, 2, 50, 2, 50, 2, 50, 2, 50, 2, 50, 2, 50, 2, 50, 2, 50, 2, 50, 2]",100002,100,10,0.001,10,1.3377940068021417,8.822272,8.856064,272114,272114,"[3, 3, 2, 1, 1, 1, 1, 1, 1, 1, 1, 1, 1, 1, 1, 1, 1, 1, 1, 1, 1, 1, 1, 1, 1, 1, 1]",3,1.1851851851851851
HM12_state40_action50_iter30_orderblock_pam_seed8_formal5080,8,HM12,block_pam,12,bellman_operator,4,"[40, 40, 40, 40]",10002,100,5,0.001,10,2.9659149991348386,8.822272,8.831488,120960,120960,"[3, 3, 2]",3,2.6666666666666665
HM12_state40_action50_iter30_orderblock_pam_seed8_formal5080,8,HM12,block_pam,13,get_advantage_from_value,28,"[40, 40, 40, 40, 50, 2, 50, 2, 50, 2, 50, 2, 50, 2, 50, 2, 50, 2, 50, 2, 50, 2, 50, 2, 50, 2, 50, 2]",100002,100,10,0.001,10,1.1776044452562928,8.822272,8.893952,272114,272114,"[3, 3, 3, 3, 4, 3, 4, 3, 4, 3, 4, 3, 3, 2, 2, 2, 2, 2, 3, 2, 3, 2, 3, 2, 3, 2, 2]",4,2.7777777777777777
HM12_state40_action50_iter30_orderblock_pam_seed8_formal5080,8,HM12,block_pam,14,bellman_operator,4,"[40, 40, 40, 40]",10002,100,5,0.001,10,3.5109530156478286,8.994304,9.00352,120960,120960,"[3, 3, 2]",3,2.6666666666666665
HM12_state40_action50_iter30_orderblock_pam_seed8_formal5080,8,HM12,block_pam,15,get_advantage_from_value,28,"[40, 40, 40, 40, 50, 2, 50, 2, 50, 2, 50, 2, 50, 2, 50, 2, 50, 2, 50, 2, 50, 2, 50, 2, 50, 2, 50, 2]",100002,100,10,0.001,10,1.1848977468907833,8.994304,9.07776,272114,272114,"[3, 3, 3, 3, 4, 3, 4, 3, 4, 3, 4, 3, 4, 3, 4, 3, 4, 3, 3, 3, 3, 3, 3, 2, 3, 2, 2]",4,3.1481481481481484
HM12_state40_action50_iter30_orderblock_pam_seed8_formal5080,8,HM12,block_pam,16,bellman_operator,4,"[40, 40, 40, 40]",10002,100,5,0.001,10,3.641687612980604,9.044992,9.054208,120960,120960,"[3, 3, 2]",3,2.6666666666666665
HM12_state40_action50_iter30_orderblock_pam_seed8_formal5080,8,HM12,block_pam,17,get_advantage_from_value,28,"[40, 40, 40, 40, 50, 2, 50, 2, 50, 2, 50, 2, 50, 2, 50, 2, 50, 2, 50, 2, 50, 2, 50, 2, 50, 2, 50, 2]",100002,100,10,0.001,10,1.2177882017567754,9.044992,9.130496,272114,272114,"[3, 3, 3, 3, 4, 3, 4, 3, 4, 3, 4, 3, 4, 3, 4, 3, 4, 3, 4, 3, 4, 3, 3, 2, 3, 2, 2]",4,3.2222222222222223
HM12_state40_action50_iter30_orderblock_pam_seed8_formal5080,8,HM12,block_pam,18,bellman_operator,4,"[40, 40, 40, 40]",10002,100,5,0.001,10,3.70971954241395,9.055232,9.064448,120960,120960,"[3, 3, 2]",3,2.6666666666666665
HM12_state40_action50_iter30_orderblock_pam_seed8_formal5080,8,HM12,block_pam,19,get_advantage_from_value,28,"[40, 40, 40, 40, 50, 2, 50, 2, 50, 2, 50, 2, 50, 2, 50, 2, 50, 2, 50, 2, 50, 2, 50, 2, 50, 2, 50, 2]",100002,100,10,0.001,10,3.7377738738432527,9.055232,9.140736,888342,888342,"[3, 3, 3, 3, 4, 3, 4, 3, 4, 3, 4, 3, 4, 3, 4, 3, 4, 3, 4, 3, 4, 3, 3, 2, 3, 2, 2]",4,3.2222222222222223
HM12_state40_action50_iter30_orderblock_pam_seed8_formal5080,8,HM12,block_pam,20,bellman_operator,4,"[40, 40, 40, 40]",10002,100,5,0.001,10,3.6820879578590393,9.055232,9.064448,120960,120960,"[3, 3, 2]",3,2.6666666666666665
HM12_state40_action50_iter30_orderblock_pam_seed8_formal5080,8,HM12,block_pam,21,get_advantage_from_value,28,"[40, 40, 40, 40, 50, 2, 50, 2, 50, 2, 50, 2, 50, 2, 50, 2, 50, 2, 50, 2, 50, 2, 50, 2, 50, 2, 50, 2]",100002,100,10,0.001,10,3.865293729119003,9.055232,9.140736,888342,888342,"[3, 3, 3, 3, 4, 3, 4, 3, 4, 3, 4, 3, 4, 3, 4, 3, 4, 3, 4, 3, 4, 3, 3, 2, 3, 2, 2]",4,3.2222222222222223
HM12_state40_action50_iter30_orderblock_pam_seed8_formal5080,8,HM12,block_pam,22,bellman_operator,4,"[40, 40, 40, 40]",10002,100,5,0.001,10,3.7492731139063835,9.055232,9.064448,120960,120960,"[3, 3, 2]",3,2.6666666666666665
HM12_state40_action50_iter30_orderblock_pam_seed8_formal5080,8,HM12,block_pam,23,get_advantage_from_value,28,"[40, 40, 40, 40, 50, 2, 50, 2, 50, 2, 50, 2, 50, 2, 50, 2, 50, 2, 50, 2, 50, 2, 50, 2, 50, 2, 50, 2]",100002,100,10,0.001,10,3.54096669703722,9.055232,9.140736,888342,888342,"[3, 3, 3, 3, 4, 3, 4, 3, 4, 3, 4, 3, 4, 3, 4, 3, 4, 3, 4, 3, 4, 3, 3, 2, 3, 2, 2]",4,3.2222222222222223
HM12_state40_action50_iter30_orderblock_pam_seed8_formal5080,8,HM12,block_pam,24,bellman_operator,4,"[40, 40, 40, 40]",10002,100,5,0.001,10,3.681716821156442,9.055232,9.064448,120960,120960,"[3, 3, 2]",3,2.6666666666666665
HM12_state40_action50_iter30_orderblock_pam_seed8_formal5080,8,HM12,block_pam,25,get_advantage_from_value,28,"[40, 40, 40, 40, 50, 2, 50, 2, 50, 2, 50, 2, 50, 2, 50, 2, 50, 2, 50, 2, 50, 2, 50, 2, 50, 2, 50, 2]",100002,100,10,0.001,10,4.152299717068672,9.055232,9.140736,888342,888342,"[3, 3, 3, 3, 4, 3, 4, 3, 4, 3, 4, 3, 4, 3, 4, 3, 4, 3, 4, 3, 4, 3, 3, 2, 3, 2, 2]",4,3.2222222222222223
HM12_state40_action50_iter30_orderblock_pam_seed8_formal5080,8,HM12,block_pam,26,bellman_operator,4,"[40, 40, 40, 40]",10002,100,5,0.001,10,3.6037377789616585,9.055232,9.064448,120960,120960,"[3, 3, 2]",3,2.6666666666666665
HM12_state40_action50_iter30_orderblock_pam_seed8_formal5080,8,HM12,block_pam,27,get_advantage_from_value,28,"[40, 40, 40, 40, 50, 2, 50, 2, 50, 2, 50, 2, 50, 2, 50, 2, 50, 2, 50, 2, 50, 2, 50, 2, 50, 2, 50, 2]",100002,100,10,0.001,10,6.015704225748777,9.055232,9.147904,2227050,2227050,"[3, 5, 4, 3, 4, 3, 4, 3, 4, 3, 4, 3, 4, 3, 4, 3, 4, 3, 4, 3, 4, 3, 3, 2, 3, 3, 2]",5,3.3703703703703702
HM12_state40_action50_iter30_orderblock_pam_seed8_formal5080,8,HM12,block_pam,28,bellman_operator,4,"[40, 40, 40, 40]",10002,100,5,0.001,10,3.7374135572463274,9.083904,9.09312,120960,120960,"[3, 3, 2]",3,2.6666666666666665
HM12_state40_action50_iter30_orderblock_pam_seed8_formal5080,8,HM12,block_pam,29,get_advantage_from_value,28,"[40, 40, 40, 40, 50, 2, 50, 2, 50, 2, 50, 2, 50, 2, 50, 2, 50, 2, 50, 2, 50, 2, 50, 2, 50, 2, 50, 2]",100002,100,10,0.001,10,6.283214128576219,9.083904,9.176064,2227050,2227050,"[3, 5, 4, 3, 4, 3, 4, 3, 4, 3, 4, 3, 4, 3, 4, 3, 4, 3, 4, 3, 4, 3, 3, 2, 3, 2, 2]",5,3.3333333333333335
HM12_state40_action50_iter30_orderblock_pam_seed8_formal5080,8,HM12,block_pam,30,bellman_operator,4,"[40, 40, 40, 40]",10002,100,5,0.001,10,3.7171715330332518,9.082368,9.091584,120960,120960,"[3, 3, 2]",3,2.6666666666666665
HM12_state40_action50_iter30_orderblock_pam_seed8_formal5080,8,HM12,block_pam,31,get_advantage_from_value,28,"[40, 40, 40, 40, 50, 2, 50, 2, 50, 2, 50, 2, 50, 2, 50, 2, 50, 2, 50, 2, 50, 2, 50, 2, 50, 2, 50, 2]",100002,100,10,0.001,10,8.890895762480795,9.082368,9.401344,4561678,4561678,"[4, 5, 4, 3, 4, 3, 5, 5, 6, 6, 8, 7, 9, 8, 10, 9, 11, 10, 10, 9, 11, 9, 8, 6, 7, 5, 2]",11,6.814814814814815
HM12_state40_action50_iter30_orderblock_pam_seed8_formal5080,8,HM12,block_pam,32,bellman_operator,4,"[40, 40, 40, 40]",10002,100,5,0.001,10,5.004741291515529,9.91744,9.926656,120960,120960,"[3, 3, 2]",3,2.6666666666666665
HM12_state40_action50_iter30_orderblock_pam_seed8_formal5080,8,HM12,block_pam,33,get_advantage_from_value,28,"[40, 40, 40, 40, 50, 2, 50, 2, 50, 2, 50, 2, 50, 2, 50, 2, 50, 2, 50, 2, 50, 2, 50, 2, 50, 2, 50, 2]",100002,100,10,0.001,10,6.122167998924851,9.91744,10.150912,2227050,2227050,"[4, 5, 4, 4, 5, 4, 5, 4, 6, 6, 7, 6, 7, 7, 8, 7, 9, 7, 9, 7, 9, 7, 6, 4, 6, 4, 2]",9,5.888888888888889
HM12_state40_action50_iter30_orderblock_pam_seed8_formal5080,8,HM12,block_pam,34,bellman_operator,4,"[40, 40, 40, 40]",10002,100,5,0.001,10,4.924694403074682,9.631232,9.640448,120960,120960,"[3, 3, 2]",3,2.6666666666666665
HM12_state40_action50_iter30_orderblock_pam_seed8_formal5080,8,HM12,block_pam,35,get_advantage_from_value,28,"[40, 40, 40, 40, 50, 2, 50, 2, 50, 2, 50, 2, 50, 2, 50, 2, 50, 2, 50, 2, 50, 2, 50, 2, 50, 2, 50, 2]",100002,100,10,0.001,10,6.5090269558131695,9.631232,9.83808,2227050,2227050,"[4, 6, 5, 4, 5, 4, 5, 4, 5, 4, 6, 6, 7, 6, 7, 6, 7, 6, 7, 6, 8, 7, 7, 5, 6, 4, 2]",8,5.518518518518518
HM12_state40_action50_iter30_orderblock_pam_seed8_formal5080,8,HM12,block_pam,36,bellman_operator,4,"[40, 40, 40, 40]",10002,100,5,0.001,10,4.603101427666843,9.531904,9.54112,120960,120960,"[3, 3, 2]",3,2.6666666666666665
HM12_state40_action50_iter30_orderblock_pam_seed8_formal5080,8,HM12,block_pam,37,get_advantage_from_value,28,"[40, 40, 40, 40, 50, 2, 50, 2, 50, 2, 50, 2, 50, 2, 50, 2, 50, 2, 50, 2, 50, 2, 50, 2, 50, 2, 50, 2]",100002,100,10,0.001,10,8.430693730711937,9.531904,9.654272,4561678,4561678,"[4, 5, 4, 3, 4, 3, 4, 3, 4, 3, 4, 3, 4, 3, 4, 4, 5, 4, 6, 5, 6, 5, 5, 4, 5, 4, 2]",6,4.074074074074074
HM12_state40_action50_iter30_orderblock_pam_seed8_formal5080,8,HM12,block_pam,38,bellman_operator,4,"[40, 40, 40, 40]",10002,100,5,0.001,10,4.025517689995468,9.207808,9.217024,120960,120960,"[3, 3, 2]",3,2.6666666666666665
HM12_state40_action50_iter30_orderblock_pam_seed8_formal5080,8,HM12,block_pam,39,get_advantage_from_value,28,"[40, 40, 40, 40, 50, 2, 50, 2, 50, 2, 50, 2, 50, 2, 50, 2, 50, 2, 50, 2, 50, 2, 50, 2, 50, 2, 50, 2]",100002,100,10,0.001,10,5.742862371727824,9.207808,9.302016,2227050,2227050,"[4, 5, 4, 3, 4, 3, 4, 3, 4, 3, 4, 3, 4, 3, 4, 3, 4, 3, 4, 3, 4, 3, 3, 2, 3, 2, 2]",5,3.3703703703703702
HM12_state40_action50_iter30_orderblock_pam_seed8_formal5080,8,HM12,block_pam,40,bellman_operator,4,"[40, 40, 40, 40]",10002,100,5,0.001,10,3.8162185261026025,9.089536,9.098752,120960,120960,"[3, 3, 2]",3,2.6666666666666665
HM12_state40_action50_iter30_orderblock_pam_seed8_formal5080,8,HM12,block_pam,41,get_advantage_from_value,28,"[40, 40, 40, 40, 50, 2, 50, 2, 50, 2, 50, 2, 50, 2, 50, 2, 50, 2, 50, 2, 50, 2, 50, 2, 50, 2, 50, 2]",100002,100,10,0.001,10,12.31347953248769,9.089536,9.23648,8129986,8129986,"[4, 6, 5, 4, 5, 4, 5, 5, 5, 4, 5, 4, 5, 4, 5, 4, 5, 4, 5, 5, 6, 5, 5, 4, 5, 3, 2]",6,4.555555555555555
HM12_state40_action50_iter30_orderblock_pam_seed8_formal5080,8,HM12,block_pam,42,bellman_operator,4,"[40, 40, 40, 40]",10002,100,5,0.001,10,3.97657223790884,9.311232,9.320448,120960,120960,"[3, 3, 2]",3,2.6666666666666665
HM12_state40_action50_iter30_orderblock_pam_seed8_formal5080,8,HM12,block_pam,43,get_advantage_from_value,28,"[40, 40, 40, 40, 50, 2, 50, 2, 50, 2, 50, 2, 50, 2, 50, 2, 50, 2, 50, 2, 50, 2, 50, 2, 50, 2, 50, 2]",100002,100,10,0.001,10,15.672625803388655,9.311232,9.457152,13192774,13192774,"[4, 6, 5, 4, 5, 4, 5, 4, 5, 4, 5, 4, 5, 4, 5, 4, 5, 4, 5, 4, 6, 6, 5, 4, 5, 4, 2]",6,4.555555555555555
HM12_state40_action50_iter30_orderblock_pam_seed8_formal5080,8,HM12,block_pam,44,bellman_operator,4,"[40, 40, 40, 40]",10002,100,5,0.001,10,4.021456500515342,9.305088,9.314304,120960,120960,"[3, 3, 2]",3,2.6666666666666665
HM12_state40_action50_iter30_orderblock_pam_seed8_formal5080,8,HM12,block_pam,45,get_advantage_from_value,28,"[40, 40, 40, 40, 50, 2, 50, 2, 50, 2, 50, 2, 50, 2, 50, 2, 50, 2, 50, 2, 50, 2, 50, 2, 50, 2, 50, 2]",100002,100,10,0.001,10,3.8643803745508194,9.305088,9.458176,888342,888342,"[4, 7, 6, 5, 6, 5, 6, 5, 5, 4, 5, 4, 5, 4, 5, 4, 5, 4, 5, 4, 5, 4, 4, 3, 4, 3, 2]",7,4.555555555555555
HM12_state40_action50_iter30_orderblock_pam_seed8_formal5080,8,HM12,block_pam,46,bellman_operator,4,"[40, 40, 40, 40]",10002,100,5,0.001,10,4.023043079301715,9.329664,9.33888,120960,120960,"[3, 3, 2]",3,2.6666666666666665
HM12_state40_action50_iter30_orderblock_pam_seed8_formal5080,8,HM12,block_pam,47,get_advantage_from_value,28,"[40, 40, 40, 40, 50, 2, 50, 2, 50, 2, 50, 2, 50, 2, 50, 2, 50, 2, 50, 2, 50, 2, 50, 2, 50, 2, 50, 2]",100002,100,10,0.001,10,12.890588213689625,9.329664,9.600512,8129986,8129986,"[5, 7, 6, 5, 6, 5, 6, 6, 8, 6, 8, 6, 7, 6, 8, 6, 9, 7, 9, 7, 9, 7, 7, 5, 6, 4, 2]",9,6.407407407407407
HM12_state40_action50_iter30_orderblock_pam_seed8_formal5080,8,HM12,block_pam,48,bellman_operator,4,"[40, 40, 40, 40]",10002,100,5,0.001,10,4.862202460877597,9.764864,9.77408,120960,120960,"[3, 3, 2]",3,2.6666666666666665
HM12_state40_action50_iter30_orderblock_pam_seed8_formal5080,8,HM12,block_pam,49,get_advantage_from_value,28,"[40, 40, 40, 40, 50, 2, 50, 2, 50, 2, 50, 2, 50, 2, 50, 2, 50, 2, 50, 2, 50, 2, 50, 2, 50, 2, 50, 2]",100002,100,10,0.001,10,9.21963497530669,9.764864,9.9328,4561678,4561678,"[5, 7, 6, 4, 5, 4, 5, 4, 5, 4, 5, 4, 5, 4, 5, 4, 6, 5, 6, 5, 7, 6, 6, 4, 5, 4, 2]",7,4.888888888888889
HM12_state40_action50_iter30_orderblock_pam_seed8_formal5080,8,HM12,block_pam,50,bellman_operator,4,"[40, 40, 40, 40]",10002,100,5,0.001,10,4.231919664889574,9.38752,9.396736,120960,120960,"[3, 3, 2]",3,2.6666666666666665
HM12_state40_action50_iter30_orderblock_pam_seed8_formal5080,8,HM12,block_pam,51,get_advantage_from_value,28,"[40, 40, 40, 40, 50, 2, 50, 2, 50, 2, 50, 2, 50, 2, 50, 2, 50, 2, 50, 2, 50, 2, 50, 2, 50, 2, 50, 2]",100002,100,10,0.001,10,12.134455361403525,9.38752,9.698304,8129986,8129986,"[5, 7, 6, 5, 6, 5, 6, 6, 7, 6, 8, 6, 8, 7, 10, 8, 10, 8, 10, 8, 11, 8, 7, 5, 6, 4, 2]",11,6.851851851851852
HM12_state40_action50_iter30_orderblock_pam_seed8_formal5080,8,HM12,block_pam,52,bellman_operator,4,"[40, 40, 40, 40]",10002,100,5,0.001,10,5.157517864368856,9.903104,9.91232,120960,120960,"[3, 3, 2]",3,2.6666666666666665
HM12_state40_action50_iter30_orderblock_pam_seed8_formal5080,8,HM12,block_pam,53,get_advantage_from_value,28,"[40, 40, 40, 40, 50, 2, 50, 2, 50, 2, 50, 2, 50, 2, 50, 2, 50, 2, 50, 2, 50, 2, 50, 2, 50, 2, 50, 2]",100002,100,10,0.001,10,15.98762487526983,9.903104,10.202112,13192774,13192774,"[5, 7, 6, 5, 6, 5, 6, 5, 6, 5, 7, 6, 7, 6, 8, 7, 9, 8, 10, 9, 11, 9, 8, 6, 7, 5, 2]",11,6.703703703703703
HM12_state40_action50_iter30_orderblock_pam_seed8_formal5080,8,HM12,block_pam,54,bellman_operator,4,"[40, 40, 40, 40]",10002,100,5,0.001,10,5.01134120952338,9.859584,9.8688,120960,120960,"[3, 3, 2]",3,2.6666666666666665
HM12_state40_action50_iter30_orderblock_pam_seed8_formal5080,8,HM12,block_pam,55,get_advantage_from_value,28,"[40, 40, 40, 40, 50, 2, 50, 2, 50, 2, 50, 2, 50, 2, 50, 2, 50, 2, 50, 2, 50, 2, 50, 2, 50, 2, 50, 2]",100002,100,10,0.001,10,15.655429311096668,9.859584,10.208256,13192774,13192774,"[5, 7, 6, 5, 6, 5, 6, 5, 6, 5, 8, 6, 8, 7, 9, 8, 10, 9, 11, 10, 13, 10, 9, 6, 8, 6, 2]",13,7.2592592592592595
HM12_state40_action50_iter30_orderblock_pam_seed8_formal5080,8,HM12,block_pam,56,bellman_operator,4,"[40, 40, 40, 40]",10002,100,5,0.001,10,5.167283340357244,10.031104,10.04032,120960,120960,"[3, 3, 2]",3,2.6666666666666665
HM12_state40_action50_iter30_orderblock_pam_seed8_formal5080,8,HM12,block_pam,57,get_advantage_from_value,28,"[40, 40, 40, 40, 50, 2, 50, 2, 50, 2, 50, 2, 50, 2, 50, 2, 50, 2, 50, 2, 50, 2, 50, 2, 50, 2, 50, 2]",100002,100,10,0.001,10,16.222630405798554,10.031104,10.31936,13192774,13192774,"[5, 7, 7, 6, 7, 6, 7, 6, 8, 6, 7, 5, 7, 6, 8, 7, 9, 7, 9, 7, 9, 7, 7, 5, 7, 5, 2]",9,6.62962962962963
HM12_state40_action50_iter30_orderblock_pam_seed8_formal5080,8,HM12,block_pam,58,bellman_operator,4,"[40, 40, 40, 40]",10002,100,5,0.001,10,5.09405969735235,9.829376,9.838592,120960,120960,"[3, 3, 2]",3,2.6666666666666665
HM12_state40_action50_iter30_orderblock_pam_seed8_formal5080,8,HM12,block_pam,59,get_advantage_from_value,28,"[40, 40, 40, 40, 50, 2, 50, 2, 50, 2, 50, 2, 50, 2, 50, 2, 50, 2, 50, 2, 50, 2, 50, 2, 50, 2, 50, 2]",100002,100,10,0.001,10,15.82679733261466,9.829376,10.130944,13192774,13192774,"[5, 7, 7, 5, 6, 5, 6, 5, 7, 6, 8, 6, 8, 7, 9, 7, 9, 8, 9, 8, 11, 8, 7, 5, 7, 5, 2]",11,6.777777777777778
HM12_state40_action50_iter30_orderblock_pam_seed8_formal5080,8,HM12,block_pam,60,bellman_operator,4,"[40, 40, 40, 40]",10002,100,5,0.001,10,5.096175110898912,9.873408,9.882624,120960,120960,"[3, 3, 2]",3,2.6666666666666665
HM12_state40_action50_iter30_orderblock_pam_seed8_formal5080,8,HM12,block_pam,61,get_advantage_from_value,28,"[40, 40, 40, 40, 50, 2, 50, 2, 50, 2, 50, 2, 50, 2, 50, 2, 50, 2, 50, 2, 50, 2, 50, 2, 50, 2, 50, 2]",100002,100,10,0.001,10,28.472141812555492,9.873408,10.236928,28844990,28844990,"[5, 7, 7, 5, 6, 5, 6, 5, 6, 5, 6, 5, 6, 5, 8, 7, 10, 9, 12, 12, 14, 11, 10, 7, 10, 7, 2]",14,7.333333333333333
