task_name,seed,env,ordering,iteration,adv_rank_max,adv_rank_mean,val_rank_max,val_rank_mean,policy_rank_max,policy_rank_mean,adv_rank_profile_json,val_rank_profile_json,policy_rank_profile_json,adv_rank_1,adv_rank_2,adv_rank_3,adv_rank_4,adv_rank_5,adv_rank_6,adv_rank_7,adv_rank_8,adv_rank_9,adv_rank_10,adv_rank_11,adv_rank_12,adv_rank_13,adv_rank_14,adv_rank_15,adv_rank_16,adv_rank_17,adv_rank_18,adv_rank_19,adv_rank_20,adv_rank_21,adv_rank_22,adv_rank_23,adv_rank_24,adv_rank_25,adv_rank_26,adv_rank_27,val_rank_1,val_rank_2,val_rank_3,policy_rank_1,policy_rank_2,policy_rank_3,policy_rank_4,policy_rank_5,policy_rank_6,policy_rank_7,policy_rank_8,policy_rank_9,policy_rank_10,policy_rank_11,policy_rank_12,policy_rank_13,policy_rank_14,policy_rank_15,policy_rank_16,policy_rank_17,policy_rank_18,policy_rank_19,policy_rank_20,policy_rank_21,policy_rank_22,policy_rank_23,policy_rank_24,policy_rank_25,policy_rank_26,policy_rank_27
HM12_state40_action50_iter30_orderblock_pam_seed4_formal5080,4,HM12,block_pam,1,3.0,1.1851851851851851,2.0,1.3333333333333333,5.0,3.1481481481481484,"[3, 3, 2, 1, 1, 1, 1, 1, 1, 1, 1, 1, 1, 1, 1, 1, 1, 1, 1, 1, 1, 1, 1, 1, 1, 1, 1]","[2, 1, 1]","[5, 5, 4, 3, 3, 3, 3, 3, 3, 3, 3, 3, 3, 3, 3, 3, 3, 3, 3, 3, 3, 3, 3, 3, 3, 3, 2]",3,3,2,1,1,1,1,1,1,1,1,1,1,1,1,1,1,1,1,1,1,1,1,1,1,1,1,2,1,1,5,5,4,3,3,3,3,3,3,3,3,3,3,3,3,3,3,3,3,3,3,3,3,3,3,3,2
HM12_state40_action50_iter30_orderblock_pam_seed4_formal5080,4,HM12,block_pam,2,3.0,1.1851851851851851,2.0,1.3333333333333333,5.0,3.1481481481481484,"[3, 3, 2, 1, 1, 1, 1, 1, 1, 1, 1, 1, 1, 1, 1, 1, 1, 1, 1, 1, 1, 1, 1, 1, 1, 1, 1]","[2, 1, 1]","[5, 5, 4, 3, 3, 3, 3, 3, 3, 3, 3, 3, 3, 3, 3, 3, 3, 3, 3, 3, 3, 3, 3, 3, 3, 3, 2]",3,3,2,1,1,1,1,1,1,1,1,1,1,1,1,1,1,1,1,1,1,1,1,1,1,1,1,2,1,1,5,5,4,3,3,3,3,3,3,3,3,3,3,3,3,3,3,3,3,3,3,3,3,3,3,3,2
HM12_state40_action50_iter30_orderblock_pam_seed4_formal5080,4,HM12,block_pam,3,3.0,1.1851851851851851,3.0,2.6666666666666665,5.0,3.1481481481481484,"[3, 3, 2, 1, 1, 1, 1, 1, 1, 1, 1, 1, 1, 1, 1, 1, 1, 1, 1, 1, 1, 1, 1, 1, 1, 1, 1]","[3, 3, 2]","[5, 5, 4, 3, 3, 3, 3, 3, 3, 3, 3, 3, 3, 3, 3, 3, 3, 3, 3, 3, 3, 3, 3, 3, 3, 3, 2]",3,3,2,1,1,1,1,1,1,1,1,1,1,1,1,1,1,1,1,1,1,1,1,1,1,1,1,3,3,2,5,5,4,3,3,3,3,3,3,3,3,3,3,3,3,3,3,3,3,3,3,3,3,3,3,3,2
HM12_state40_action50_iter30_orderblock_pam_seed4_formal5080,4,HM12,block_pam,4,3.0,1.1851851851851851,3.0,2.6666666666666665,5.0,3.1481481481481484,"[3, 3, 2, 1, 1, 1, 1, 1, 1, 1, 1, 1, 1, 1, 1, 1, 1, 1, 1, 1, 1, 1, 1, 1, 1, 1, 1]","[3, 3, 2]","[5, 5, 4, 3, 3, 3, 3, 3, 3, 3, 3, 3, 3, 3, 3, 3, 3, 3, 3, 3, 3, 3, 3, 3, 3, 3, 2]",3,3,2,1,1,1,1,1,1,1,1,1,1,1,1,1,1,1,1,1,1,1,1,1,1,1,1,3,3,2,5,5,4,3,3,3,3,3,3,3,3,3,3,3,3,3,3,3,3,3,3,3,3,3,3,3,2
HM12_state40_action50_iter30_orderblock_pam_seed4_formal5080,4,HM12,block_pam,5,3.0,1.7777777777777777,3.0,2.6666666666666665,5.0,3.740740740740741,"[3, 3, 2, 2, 2, 2, 2, 2, 2, 2, 2, 2, 2, 2, 2, 2, 2, 2, 2, 1, 1, 1, 1, 1, 1, 1, 1]","[3, 3, 2]","[5, 5, 4, 4, 4, 4, 4, 4, 4, 4, 4, 4, 4, 4, 4, 4, 4, 4, 4, 3, 3, 3, 3, 3, 3, 3, 2]",3,3,2,2,2,2,2,2,2,2,2,2,2,2,2,2,2,2,2,1,1,1,1,1,1,1,1,3,3,2,5,5,4,4,4,4,4,4,4,4,4,4,4,4,4,4,4,4,4,3,3,3,3,3,3,3,2
HM12_state40_action50_iter30_orderblock_pam_seed4_formal5080,4,HM12,block_pam,6,4.0,3.0,3.0,2.6666666666666665,6.0,4.925925925925926,"[3, 3, 3, 3, 4, 3, 4, 3, 3, 3, 4, 3, 4, 3, 4, 3, 3, 3, 3, 2, 3, 2, 3, 2, 3, 2, 2]","[3, 3, 2]","[5, 5, 5, 5, 6, 5, 6, 5, 5, 5, 6, 5, 6, 5, 6, 5, 5, 5, 5, 4, 5, 4, 5, 4, 5, 4, 2]",3,3,3,3,4,3,4,3,3,3,4,3,4,3,4,3,3,3,3,2,3,2,3,2,3,2,2,3,3,2,5,5,5,5,6,5,6,5,5,5,6,5,6,5,6,5,5,5,5,4,5,4,5,4,5,4,2
HM12_state40_action50_iter30_orderblock_pam_seed4_formal5080,4,HM12,block_pam,7,4.0,3.074074074074074,3.0,2.6666666666666665,6.0,5.0,"[3, 3, 3, 3, 4, 3, 4, 3, 4, 3, 4, 3, 4, 3, 4, 3, 4, 3, 3, 2, 3, 2, 3, 2, 3, 2, 2]","[3, 3, 2]","[5, 5, 5, 5, 6, 5, 6, 5, 6, 5, 6, 5, 6, 5, 6, 5, 6, 5, 5, 4, 5, 4, 5, 4, 5, 4, 2]",3,3,3,3,4,3,4,3,4,3,4,3,4,3,4,3,4,3,3,2,3,2,3,2,3,2,2,3,3,2,5,5,5,5,6,5,6,5,6,5,6,5,6,5,6,5,6,5,5,4,5,4,5,4,5,4,2
HM12_state40_action50_iter30_orderblock_pam_seed4_formal5080,4,HM12,block_pam,8,5.0,3.4814814814814814,3.0,2.6666666666666665,7.0,5.407407407407407,"[3, 4, 4, 4, 5, 4, 5, 4, 4, 3, 4, 3, 4, 3, 4, 3, 4, 3, 4, 3, 4, 3, 3, 2, 3, 2, 2]","[3, 3, 2]","[5, 6, 6, 6, 7, 6, 7, 6, 6, 5, 6, 5, 6, 5, 6, 5, 6, 5, 6, 5, 6, 5, 5, 4, 5, 4, 2]",3,4,4,4,5,4,5,4,4,3,4,3,4,3,4,3,4,3,4,3,4,3,3,2,3,2,2,3,3,2,5,6,6,6,7,6,7,6,6,5,6,5,6,5,6,5,6,5,6,5,6,5,5,4,5,4,2
HM12_state40_action50_iter30_orderblock_pam_seed4_formal5080,4,HM12,block_pam,9,4.0,3.111111111111111,3.0,2.6666666666666665,6.0,5.037037037037037,"[3, 3, 3, 3, 4, 3, 4, 3, 4, 3, 4, 3, 4, 3, 4, 3, 4, 3, 3, 2, 3, 3, 3, 2, 3, 2, 2]","[3, 3, 2]","[5, 5, 5, 5, 6, 5, 6, 5, 6, 5, 6, 5, 6, 5, 6, 5, 6, 5, 5, 4, 5, 5, 5, 4, 5, 4, 2]",3,3,3,3,4,3,4,3,4,3,4,3,4,3,4,3,4,3,3,2,3,3,3,2,3,2,2,3,3,2,5,5,5,5,6,5,6,5,6,5,6,5,6,5,6,5,6,5,5,4,5,5,5,4,5,4,2
HM12_state40_action50_iter30_orderblock_pam_seed4_formal5080,4,HM12,block_pam,10,5.0,3.5555555555555554,3.0,2.6666666666666665,7.0,5.481481481481482,"[3, 3, 3, 3, 4, 3, 4, 3, 4, 3, 4, 3, 4, 3, 4, 3, 4, 4, 5, 4, 5, 4, 4, 3, 4, 3, 2]","[3, 3, 2]","[5, 5, 5, 5, 6, 5, 6, 5, 6, 5, 6, 5, 6, 5, 6, 5, 6, 6, 7, 6, 7, 6, 6, 5, 6, 5, 2]",3,3,3,3,4,3,4,3,4,3,4,3,4,3,4,3,4,4,5,4,5,4,4,3,4,3,2,3,3,2,5,5,5,5,6,5,6,5,6,5,6,5,6,5,6,5,6,6,7,6,7,6,6,5,6,5,2
HM12_state40_action50_iter30_orderblock_pam_seed4_formal5080,4,HM12,block_pam,11,5.0,3.5185185185185186,3.0,2.6666666666666665,7.0,5.444444444444445,"[3, 3, 3, 3, 4, 3, 4, 3, 4, 3, 4, 3, 4, 3, 4, 3, 4, 3, 4, 4, 5, 4, 4, 3, 5, 3, 2]","[3, 3, 2]","[5, 5, 5, 5, 6, 5, 6, 5, 6, 5, 6, 5, 6, 5, 6, 5, 6, 5, 6, 6, 7, 6, 6, 5, 7, 5, 2]",3,3,3,3,4,3,4,3,4,3,4,3,4,3,4,3,4,3,4,4,5,4,4,3,5,3,2,3,3,2,5,5,5,5,6,5,6,5,6,5,6,5,6,5,6,5,6,5,6,6,7,6,6,5,7,5,2
HM12_state40_action50_iter30_orderblock_pam_seed4_formal5080,4,HM12,block_pam,12,4.0,3.2222222222222223,3.0,2.6666666666666665,6.0,5.148148148148148,"[3, 3, 3, 3, 4, 3, 4, 3, 4, 3, 4, 3, 4, 3, 4, 3, 4, 3, 4, 3, 4, 3, 3, 2, 3, 2, 2]","[3, 3, 2]","[5, 5, 5, 5, 6, 5, 6, 5, 6, 5, 6, 5, 6, 5, 6, 5, 6, 5, 6, 5, 6, 5, 5, 4, 5, 4, 2]",3,3,3,3,4,3,4,3,4,3,4,3,4,3,4,3,4,3,4,3,4,3,3,2,3,2,2,3,3,2,5,5,5,5,6,5,6,5,6,5,6,5,6,5,6,5,6,5,6,5,6,5,5,4,5,4,2
HM12_state40_action50_iter30_orderblock_pam_seed4_formal5080,4,HM12,block_pam,13,5.0,3.3703703703703702,3.0,2.6666666666666665,7.0,5.296296296296297,"[3, 5, 4, 3, 4, 3, 4, 3, 4, 3, 4, 3, 4, 3, 4, 3, 4, 3, 4, 3, 4, 3, 3, 2, 3, 3, 2]","[3, 3, 2]","[5, 7, 6, 5, 6, 5, 6, 5, 6, 5, 6, 5, 6, 5, 6, 5, 6, 5, 6, 5, 6, 5, 5, 4, 5, 5, 2]",3,5,4,3,4,3,4,3,4,3,4,3,4,3,4,3,4,3,4,3,4,3,3,2,3,3,2,3,3,2,5,7,6,5,6,5,6,5,6,5,6,5,6,5,6,5,6,5,6,5,6,5,5,4,5,5,2
HM12_state40_action50_iter30_orderblock_pam_seed4_formal5080,4,HM12,block_pam,14,5.0,3.3333333333333335,3.0,2.6666666666666665,7.0,5.2592592592592595,"[3, 5, 4, 3, 4, 3, 4, 3, 4, 3, 4, 3, 4, 3, 4, 3, 4, 3, 4, 3, 4, 3, 3, 2, 3, 2, 2]","[3, 3, 2]","[5, 7, 6, 5, 6, 5, 6, 5, 6, 5, 6, 5, 6, 5, 6, 5, 6, 5, 6, 5, 6, 5, 5, 4, 5, 4, 2]",3,5,4,3,4,3,4,3,4,3,4,3,4,3,4,3,4,3,4,3,4,3,3,2,3,2,2,3,3,2,5,7,6,5,6,5,6,5,6,5,6,5,6,5,6,5,6,5,6,5,6,5,5,4,5,4,2
HM12_state40_action50_iter30_orderblock_pam_seed4_formal5080,4,HM12,block_pam,15,5.0,3.5555555555555554,3.0,2.6666666666666665,7.0,5.481481481481482,"[4, 5, 4, 3, 4, 3, 4, 3, 4, 3, 4, 3, 4, 3, 4, 3, 4, 3, 4, 3, 4, 4, 4, 3, 4, 3, 2]","[3, 3, 2]","[6, 7, 6, 5, 6, 5, 6, 5, 6, 5, 6, 5, 6, 5, 6, 5, 6, 5, 6, 5, 6, 6, 6, 5, 6, 5, 2]",4,5,4,3,4,3,4,3,4,3,4,3,4,3,4,3,4,3,4,3,4,4,4,3,4,3,2,3,3,2,6,7,6,5,6,5,6,5,6,5,6,5,6,5,6,5,6,5,6,5,6,6,6,5,6,5,2
HM12_state40_action50_iter30_orderblock_pam_seed4_formal5080,4,HM12,block_pam,16,5.0,4.074074074074074,3.0,2.6666666666666665,7.0,6.0,"[4, 5, 4, 3, 4, 3, 4, 4, 5, 4, 5, 4, 5, 4, 5, 4, 5, 4, 5, 4, 5, 4, 4, 3, 4, 3, 2]","[3, 3, 2]","[6, 7, 6, 5, 6, 5, 6, 6, 7, 6, 7, 6, 7, 6, 7, 6, 7, 6, 7, 6, 7, 6, 6, 5, 6, 5, 2]",4,5,4,3,4,3,4,4,5,4,5,4,5,4,5,4,5,4,5,4,5,4,4,3,4,3,2,3,3,2,6,7,6,5,6,5,6,6,7,6,7,6,7,6,7,6,7,6,7,6,7,6,6,5,6,5,2
HM12_state40_action50_iter30_orderblock_pam_seed4_formal5080,4,HM12,block_pam,17,7.0,4.666666666666667,3.0,2.6666666666666665,9.0,6.592592592592593,"[4, 5, 4, 3, 4, 3, 4, 4, 5, 5, 5, 4, 5, 5, 6, 5, 6, 5, 6, 5, 7, 6, 6, 4, 5, 3, 2]","[3, 3, 2]","[6, 7, 6, 5, 6, 5, 6, 6, 7, 7, 7, 6, 7, 7, 8, 7, 8, 7, 8, 7, 9, 8, 8, 6, 7, 5, 2]",4,5,4,3,4,3,4,4,5,5,5,4,5,5,6,5,6,5,6,5,7,6,6,4,5,3,2,3,3,2,6,7,6,5,6,5,6,6,7,7,7,6,7,7,8,7,8,7,8,7,9,8,8,6,7,5,2
HM12_state40_action50_iter30_orderblock_pam_seed4_formal5080,4,HM12,block_pam,18,6.0,4.111111111111111,3.0,2.6666666666666665,8.0,6.037037037037037,"[4, 5, 4, 3, 4, 3, 4, 3, 4, 3, 5, 4, 5, 4, 5, 4, 5, 4, 5, 4, 6, 5, 5, 3, 5, 3, 2]","[3, 3, 2]","[6, 7, 6, 5, 6, 5, 6, 5, 6, 5, 7, 6, 7, 6, 7, 6, 7, 6, 7, 6, 8, 7, 7, 5, 7, 5, 2]",4,5,4,3,4,3,4,3,4,3,5,4,5,4,5,4,5,4,5,4,6,5,5,3,5,3,2,3,3,2,6,7,6,5,6,5,6,5,6,5,7,6,7,6,7,6,7,6,7,6,8,7,7,5,7,5,2
HM12_state40_action50_iter30_orderblock_pam_seed4_formal5080,4,HM12,block_pam,19,9.0,5.333333333333333,3.0,2.6666666666666665,11.0,7.2592592592592595,"[4, 5, 4, 3, 4, 3, 4, 3, 4, 4, 5, 4, 5, 5, 6, 6, 8, 7, 9, 9, 9, 7, 7, 5, 7, 5, 2]","[3, 3, 2]","[6, 7, 6, 5, 6, 5, 6, 5, 6, 6, 7, 6, 7, 7, 8, 8, 10, 9, 11, 11, 11, 9, 9, 7, 9, 7, 2]",4,5,4,3,4,3,4,3,4,4,5,4,5,5,6,6,8,7,9,9,9,7,7,5,7,5,2,3,3,2,6,7,6,5,6,5,6,5,6,6,7,6,7,7,8,8,10,9,11,11,11,9,9,7,9,7,2
HM12_state40_action50_iter30_orderblock_pam_seed4_formal5080,4,HM12,block_pam,20,6.0,4.2592592592592595,3.0,2.6666666666666665,8.0,6.185185185185185,"[4, 6, 5, 3, 4, 3, 4, 3, 4, 3, 4, 3, 4, 3, 4, 4, 5, 5, 6, 6, 6, 6, 5, 4, 5, 4, 2]","[3, 3, 2]","[6, 8, 7, 5, 6, 5, 6, 5, 6, 5, 6, 5, 6, 5, 6, 6, 7, 7, 8, 8, 8, 8, 7, 6, 7, 6, 2]",4,6,5,3,4,3,4,3,4,3,4,3,4,3,4,4,5,5,6,6,6,6,5,4,5,4,2,3,3,2,6,8,7,5,6,5,6,5,6,5,6,5,6,5,6,6,7,7,8,8,8,8,7,6,7,6,2
HM12_state40_action50_iter30_orderblock_pam_seed4_formal5080,4,HM12,block_pam,21,8.0,5.62962962962963,3.0,2.6666666666666665,10.0,7.555555555555555,"[4, 7, 5, 4, 5, 4, 5, 4, 5, 5, 7, 5, 7, 6, 8, 7, 8, 7, 7, 6, 8, 6, 6, 4, 6, 4, 2]","[3, 3, 2]","[6, 9, 7, 6, 7, 6, 7, 6, 7, 7, 9, 7, 9, 8, 10, 9, 10, 9, 9, 8, 10, 8, 8, 6, 8, 6, 2]",4,7,5,4,5,4,5,4,5,5,7,5,7,6,8,7,8,7,7,6,8,6,6,4,6,4,2,3,3,2,6,9,7,6,7,6,7,6,7,7,9,7,9,8,10,9,10,9,9,8,10,8,8,6,8,6,2
HM12_state40_action50_iter30_orderblock_pam_seed4_formal5080,4,HM12,block_pam,22,8.0,5.37037037037037,3.0,2.6666666666666665,10.0,7.296296296296297,"[4, 7, 6, 4, 5, 4, 5, 4, 5, 4, 5, 4, 6, 5, 6, 5, 7, 6, 7, 6, 8, 7, 7, 5, 6, 5, 2]","[3, 3, 2]","[6, 9, 8, 6, 7, 6, 7, 6, 7, 6, 7, 6, 8, 7, 8, 7, 9, 8, 9, 8, 10, 9, 9, 7, 8, 7, 2]",4,7,6,4,5,4,5,4,5,4,5,4,6,5,6,5,7,6,7,6,8,7,7,5,6,5,2,3,3,2,6,9,8,6,7,6,7,6,7,6,7,6,8,7,8,7,9,8,9,8,10,9,9,7,8,7,2
HM12_state40_action50_iter30_orderblock_pam_seed4_formal5080,4,HM12,block_pam,23,8.0,5.444444444444445,3.0,2.6666666666666665,10.0,7.37037037037037,"[5, 7, 6, 4, 5, 4, 5, 4, 5, 4, 5, 4, 5, 5, 6, 5, 7, 6, 8, 6, 8, 7, 7, 5, 7, 5, 2]","[3, 3, 2]","[7, 9, 8, 6, 7, 6, 7, 6, 7, 6, 7, 6, 7, 7, 8, 7, 9, 8, 10, 8, 10, 9, 9, 7, 9, 7, 2]",5,7,6,4,5,4,5,4,5,4,5,4,5,5,6,5,7,6,8,6,8,7,7,5,7,5,2,3,3,2,7,9,8,6,7,6,7,6,7,6,7,6,7,7,8,7,9,8,10,8,10,9,9,7,9,7,2
HM12_state40_action50_iter30_orderblock_pam_seed4_formal5080,4,HM12,block_pam,24,14.0,8.555555555555555,3.0,2.6666666666666665,16.0,10.481481481481481,"[5, 7, 7, 6, 7, 6, 7, 7, 8, 6, 8, 7, 10, 9, 11, 9, 12, 12, 13, 13, 14, 11, 10, 7, 10, 7, 2]","[3, 3, 2]","[7, 9, 9, 8, 9, 8, 9, 9, 10, 8, 10, 9, 12, 11, 13, 11, 14, 14, 15, 15, 16, 13, 12, 9, 12, 9, 2]",5,7,7,6,7,6,7,7,8,6,8,7,10,9,11,9,12,12,13,13,14,11,10,7,10,7,2,3,3,2,7,9,9,8,9,8,9,9,10,8,10,9,12,11,13,11,14,14,15,15,16,13,12,9,12,9,2
HM12_state40_action50_iter30_orderblock_pam_seed4_formal5080,4,HM12,block_pam,25,17.0,9.037037037037036,3.0,2.6666666666666665,19.0,10.962962962962964,"[5, 7, 6, 5, 6, 5, 6, 5, 7, 6, 9, 8, 12, 10, 13, 12, 14, 12, 15, 14, 17, 12, 11, 8, 10, 7, 2]","[3, 3, 2]","[7, 9, 8, 7, 8, 7, 8, 7, 9, 8, 11, 10, 14, 12, 15, 14, 16, 14, 17, 16, 19, 14, 13, 10, 12, 9, 2]",5,7,6,5,6,5,6,5,7,6,9,8,12,10,13,12,14,12,15,14,17,12,11,8,10,7,2,3,3,2,7,9,8,7,8,7,8,7,9,8,11,10,14,12,15,14,16,14,17,16,19,14,13,10,12,9,2
HM12_state40_action50_iter30_orderblock_pam_seed4_formal5080,4,HM12,block_pam,26,15.0,8.333333333333334,3.0,2.6666666666666665,17.0,10.25925925925926,"[5, 8, 6, 5, 6, 5, 7, 6, 7, 7, 10, 8, 10, 8, 11, 9, 12, 10, 13, 12, 15, 11, 10, 7, 9, 6, 2]","[3, 3, 2]","[7, 10, 8, 7, 8, 7, 9, 8, 9, 9, 12, 10, 12, 10, 13, 11, 14, 12, 15, 14, 17, 13, 12, 9, 11, 8, 2]",5,8,6,5,6,5,7,6,7,7,10,8,10,8,11,9,12,10,13,12,15,11,10,7,9,6,2,3,3,2,7,10,8,7,8,7,9,8,9,9,12,10,12,10,13,11,14,12,15,14,17,13,12,9,11,8,2
HM12_state40_action50_iter30_orderblock_pam_seed4_formal5080,4,HM12,block_pam,27,12.0,7.407407407407407,3.0,2.6666666666666665,14.0,9.333333333333334,"[5, 7, 6, 5, 6, 5, 6, 5, 7, 6, 8, 6, 9, 8, 10, 8, 11, 9, 11, 11, 12, 9, 8, 6, 8, 6, 2]","[3, 3, 2]","[7, 9, 8, 7, 8, 7, 8, 7, 9, 8, 10, 8, 11, 10, 12, 10, 13, 11, 13, 13, 14, 11, 10, 8, 10, 8, 2]",5,7,6,5,6,5,6,5,7,6,8,6,9,8,10,8,11,9,11,11,12,9,8,6,8,6,2,3,3,2,7,9,8,7,8,7,8,7,9,8,10,8,11,10,12,10,13,11,13,13,14,11,10,8,10,8,2
HM12_state40_action50_iter30_orderblock_pam_seed4_formal5080,4,HM12,block_pam,28,11.0,6.777777777777778,3.0,2.6666666666666665,13.0,8.703703703703704,"[5, 7, 7, 5, 6, 5, 6, 5, 6, 5, 6, 5, 7, 6, 7, 6, 8, 7, 9, 8, 11, 10, 10, 7, 10, 7, 2]","[3, 3, 2]","[7, 9, 9, 7, 8, 7, 8, 7, 8, 7, 8, 7, 9, 8, 9, 8, 10, 9, 11, 10, 13, 12, 12, 9, 12, 9, 2]",5,7,7,5,6,5,6,5,6,5,6,5,7,6,7,6,8,7,9,8,11,10,10,7,10,7,2,3,3,2,7,9,9,7,8,7,8,7,8,7,8,7,9,8,9,8,10,9,11,10,13,12,12,9,12,9,2
HM12_state40_action50_iter30_orderblock_pam_seed4_formal5080,4,HM12,block_pam,29,9.0,6.481481481481482,3.0,2.6666666666666665,11.0,8.407407407407407,"[5, 7, 7, 5, 6, 5, 7, 6, 8, 7, 9, 6, 8, 6, 8, 6, 8, 6, 8, 7, 9, 7, 7, 5, 6, 4, 2]","[3, 3, 2]","[7, 9, 9, 7, 8, 7, 9, 8, 10, 9, 11, 8, 10, 8, 10, 8, 10, 8, 10, 9, 11, 9, 9, 7, 8, 6, 2]",5,7,7,5,6,5,7,6,8,7,9,6,8,6,8,6,8,6,8,7,9,7,7,5,6,4,2,3,3,2,7,9,9,7,8,7,9,8,10,9,11,8,10,8,10,8,10,8,10,9,11,9,9,7,8,6,2
HM12_state40_action50_iter30_orderblock_pam_seed4_formal5080,4,HM12,block_pam,30,20.0,11.037037037037036,3.0,2.6666666666666665,22.0,12.962962962962964,"[5, 8, 8, 6, 7, 6, 7, 6, 10, 9, 13, 11, 14, 13, 15, 13, 17, 16, 19, 18, 20, 14, 13, 9, 11, 8, 2]","[3, 3, 2]","[7, 10, 10, 8, 9, 8, 9, 8, 12, 11, 15, 13, 16, 15, 17, 15, 19, 18, 21, 20, 22, 16, 15, 11, 13, 10, 2]",5,8,8,6,7,6,7,6,10,9,13,11,14,13,15,13,17,16,19,18,20,14,13,9,11,8,2,3,3,2,7,10,10,8,9,8,9,8,12,11,15,13,16,15,17,15,19,18,21,20,22,16,15,11,13,10,2
