task_name,seed,env,ordering,call_index,function_name,stage,elapsed_sec,memory_mb,function_eval_requests_so_far,rank_profile_json,rank_max,rank_mean,rank_1,rank_2,rank_3,rank_4,rank_5,rank_6,rank_7,rank_8,rank_9,rank_10,rank_11,rank_12,rank_13,rank_14,rank_15,rank_16,rank_17,rank_18,rank_19,rank_20,rank_21,rank_22,rank_23,rank_24,rank_25,rank_26,rank_27
HM12_state40_action50_iter30_orderbadsplit_seed7_formal5080,7,HM12,badsplit,1,reward_fcn,after_cross_before_round,1.749468445777893,11.142656,932162,"[21, 21, 21, 21, 21, 21, 21, 21, 21, 21, 21, 21, 21, 21, 21, 21, 21, 21, 21, 21, 21, 21, 21, 16, 8, 4, 2]",21,19.0,21,21,21,21,21,21,21,21,21,21,21,21,21,21,21,21,21,21,21,21,21,21,21,16,8,4,2
HM12_state40_action50_iter30_orderbadsplit_seed7_formal5080,7,HM12,badsplit,1,reward_fcn,after_round,1.8417513072490692,8.860672,932162,"[2, 2, 2, 2, 3, 4, 5, 6, 6, 7, 8, 9, 10, 11, 12, 13, 12, 11, 10, 9, 8, 7, 6, 5, 4, 3, 2]",13,6.62962962962963,2,2,2,2,3,4,5,6,6,7,8,9,10,11,12,13,12,11,10,9,8,7,6,5,4,3,2
HM12_state40_action50_iter30_orderbadsplit_seed7_formal5080,7,HM12,badsplit,2,bellman_operator,after_cross_before_round,5.212821464985609,10.097664,120960,"[11, 11, 11]",11,11.0,11,11,11,,,,,,,,,,,,,,,,,,,,,,,,
HM12_state40_action50_iter30_orderbadsplit_seed7_formal5080,7,HM12,badsplit,2,bellman_operator,after_round,5.215643787756562,10.015744,120960,"[2, 1, 1]",2,1.3333333333333333,2,1,1,,,,,,,,,,,,,,,,,,,,,,,,
HM12_state40_action50_iter30_orderbadsplit_seed7_formal5080,7,HM12,badsplit,3,get_advantage_from_value,after_cross_before_round,1.1558554992079735,10.738176,281074,"[11, 11, 11, 11, 11, 11, 11, 11, 11, 11, 11, 11, 11, 11, 11, 11, 11, 11, 11, 11, 11, 11, 11, 11, 8, 4, 2]",11,10.296296296296296,11,11,11,11,11,11,11,11,11,11,11,11,11,11,11,11,11,11,11,11,11,11,11,11,8,4,2
HM12_state40_action50_iter30_orderbadsplit_seed7_formal5080,7,HM12,badsplit,3,get_advantage_from_value,after_round,1.1879530418664217,10.034176,281074,"[3, 3, 2, 1, 1, 1, 1, 1, 1, 1, 1, 1, 1, 1, 1, 1, 1, 1, 1, 1, 1, 1, 1, 1, 1, 1, 1]",3,1.1851851851851851,3,3,2,1,1,1,1,1,1,1,1,1,1,1,1,1,1,1,1,1,1,1,1,1,1,1,1
HM12_state40_action50_iter30_orderbadsplit_seed7_formal5080,7,HM12,badsplit,4,bellman_operator,after_cross_before_round,2.9822835978120565,9.206272,120960,"[11, 11, 11]",11,11.0,11,11,11,,,,,,,,,,,,,,,,,,,,,,,,
HM12_state40_action50_iter30_orderbadsplit_seed7_formal5080,7,HM12,badsplit,4,bellman_operator,after_round,2.988774236291647,9.124352,120960,"[2, 1, 1]",2,1.3333333333333333,2,1,1,,,,,,,,,,,,,,,,,,,,,,,,
HM12_state40_action50_iter30_orderbadsplit_seed7_formal5080,7,HM12,badsplit,5,get_advantage_from_value,after_cross_before_round,1.1526517607271671,9.844736,281074,"[11, 11, 11, 11, 11, 11, 11, 11, 11, 11, 11, 11, 11, 11, 11, 11, 11, 11, 11, 11, 11, 11, 11, 11, 8, 4, 2]",11,10.296296296296296,11,11,11,11,11,11,11,11,11,11,11,11,11,11,11,11,11,11,11,11,11,11,11,11,8,4,2
HM12_state40_action50_iter30_orderbadsplit_seed7_formal5080,7,HM12,badsplit,5,get_advantage_from_value,after_round,1.1862754775211215,9.140736,281074,"[3, 3, 2, 1, 1, 1, 1, 1, 1, 1, 1, 1, 1, 1, 1, 1, 1, 1, 1, 1, 1, 1, 1, 1, 1, 1, 1]",3,1.1851851851851851,3,3,2,1,1,1,1,1,1,1,1,1,1,1,1,1,1,1,1,1,1,1,1,1,1,1,1
HM12_state40_action50_iter30_orderbadsplit_seed7_formal5080,7,HM12,badsplit,6,bellman_operator,after_cross_before_round,3.0847154846414924,9.206272,120960,"[11, 11, 11]",11,11.0,11,11,11,,,,,,,,,,,,,,,,,,,,,,,,
HM12_state40_action50_iter30_orderbadsplit_seed7_formal5080,7,HM12,badsplit,6,bellman_operator,after_round,3.090594135224819,9.128448,120960,"[3, 3, 2]",3,2.6666666666666665,3,3,2,,,,,,,,,,,,,,,,,,,,,,,,
HM12_state40_action50_iter30_orderbadsplit_seed7_formal5080,7,HM12,badsplit,7,get_advantage_from_value,after_cross_before_round,1.1488789785653353,9.852928,281074,"[11, 11, 11, 11, 11, 11, 11, 11, 11, 11, 11, 11, 11, 11, 11, 11, 11, 11, 11, 11, 11, 11, 11, 11, 8, 4, 2]",11,10.296296296296296,11,11,11,11,11,11,11,11,11,11,11,11,11,11,11,11,11,11,11,11,11,11,11,11,8,4,2
HM12_state40_action50_iter30_orderbadsplit_seed7_formal5080,7,HM12,badsplit,7,get_advantage_from_value,after_round,1.1814436614513397,9.148928,281074,"[3, 3, 2, 1, 1, 1, 1, 1, 1, 1, 1, 1, 1, 1, 1, 1, 1, 1, 1, 1, 1, 1, 1, 1, 1, 1, 1]",3,1.1851851851851851,3,3,2,1,1,1,1,1,1,1,1,1,1,1,1,1,1,1,1,1,1,1,1,1,1,1,1
HM12_state40_action50_iter30_orderbadsplit_seed7_formal5080,7,HM12,badsplit,8,bellman_operator,after_cross_before_round,2.9824862675741315,9.214464,120960,"[11, 11, 11]",11,11.0,11,11,11,,,,,,,,,,,,,,,,,,,,,,,,
HM12_state40_action50_iter30_orderbadsplit_seed7_formal5080,7,HM12,badsplit,8,bellman_operator,after_round,2.986276438459754,9.13664,120960,"[3, 3, 2]",3,2.6666666666666665,3,3,2,,,,,,,,,,,,,,,,,,,,,,,,
HM12_state40_action50_iter30_orderbadsplit_seed7_formal5080,7,HM12,badsplit,9,get_advantage_from_value,after_cross_before_round,1.1593877589330077,9.852928,281074,"[11, 11, 11, 11, 11, 11, 11, 11, 11, 11, 11, 11, 11, 11, 11, 11, 11, 11, 11, 11, 11, 11, 11, 11, 8, 4, 2]",11,10.296296296296296,11,11,11,11,11,11,11,11,11,11,11,11,11,11,11,11,11,11,11,11,11,11,11,11,8,4,2
HM12_state40_action50_iter30_orderbadsplit_seed7_formal5080,7,HM12,badsplit,9,get_advantage_from_value,after_round,1.192275371402502,9.148928,281074,"[3, 3, 2, 1, 1, 1, 1, 1, 1, 1, 1, 1, 1, 1, 1, 1, 1, 1, 1, 1, 1, 1, 1, 1, 1, 1, 1]",3,1.1851851851851851,3,3,2,1,1,1,1,1,1,1,1,1,1,1,1,1,1,1,1,1,1,1,1,1,1,1,1
HM12_state40_action50_iter30_orderbadsplit_seed7_formal5080,7,HM12,badsplit,10,bellman_operator,after_cross_before_round,3.133460263721645,9.214464,120960,"[11, 11, 11]",11,11.0,11,11,11,,,,,,,,,,,,,,,,,,,,,,,,
HM12_state40_action50_iter30_orderbadsplit_seed7_formal5080,7,HM12,badsplit,10,bellman_operator,after_round,3.13710359018296,9.13664,120960,"[3, 3, 2]",3,2.6666666666666665,3,3,2,,,,,,,,,,,,,,,,,,,,,,,,
HM12_state40_action50_iter30_orderbadsplit_seed7_formal5080,7,HM12,badsplit,11,get_advantage_from_value,after_cross_before_round,1.13919669482857,9.852928,281074,"[11, 11, 11, 11, 11, 11, 11, 11, 11, 11, 11, 11, 11, 11, 11, 11, 11, 11, 11, 11, 11, 11, 11, 11, 8, 4, 2]",11,10.296296296296296,11,11,11,11,11,11,11,11,11,11,11,11,11,11,11,11,11,11,11,11,11,11,11,11,8,4,2
HM12_state40_action50_iter30_orderbadsplit_seed7_formal5080,7,HM12,badsplit,11,get_advantage_from_value,after_round,1.1746289506554604,9.167872,281074,"[3, 3, 2, 2, 2, 2, 2, 2, 2, 2, 2, 2, 2, 2, 2, 2, 2, 2, 2, 2, 2, 2, 1, 1, 1, 1, 1]",3,1.8888888888888888,3,3,2,2,2,2,2,2,2,2,2,2,2,2,2,2,2,2,2,2,2,2,1,1,1,1,1
HM12_state40_action50_iter30_orderbadsplit_seed7_formal5080,7,HM12,badsplit,12,bellman_operator,after_cross_before_round,3.631455844268203,9.296896,120960,"[11, 11, 11]",11,11.0,11,11,11,,,,,,,,,,,,,,,,,,,,,,,,
HM12_state40_action50_iter30_orderbadsplit_seed7_formal5080,7,HM12,badsplit,12,bellman_operator,after_round,3.637062257155776,9.219072,120960,"[3, 3, 2]",3,2.6666666666666665,3,3,2,,,,,,,,,,,,,,,,,,,,,,,,
HM12_state40_action50_iter30_orderbadsplit_seed7_formal5080,7,HM12,badsplit,13,get_advantage_from_value,after_cross_before_round,1.1882932800799608,9.93536,281074,"[11, 11, 11, 11, 11, 11, 11, 11, 11, 11, 11, 11, 11, 11, 11, 11, 11, 11, 11, 11, 11, 11, 11, 11, 8, 4, 2]",11,10.296296296296296,11,11,11,11,11,11,11,11,11,11,11,11,11,11,11,11,11,11,11,11,11,11,11,11,8,4,2
HM12_state40_action50_iter30_orderbadsplit_seed7_formal5080,7,HM12,badsplit,13,get_advantage_from_value,after_round,1.2224113522097468,9.31328,281074,"[3, 4, 4, 4, 4, 4, 4, 4, 4, 4, 4, 4, 4, 4, 4, 4, 4, 4, 4, 4, 4, 4, 4, 3, 2, 1, 1]",4,3.6296296296296298,3,4,4,4,4,4,4,4,4,4,4,4,4,4,4,4,4,4,4,4,4,4,4,3,2,1,1
HM12_state40_action50_iter30_orderbadsplit_seed7_formal5080,7,HM12,badsplit,14,bellman_operator,after_cross_before_round,3.818048723973334,9.590272,120960,"[11, 11, 11]",11,11.0,11,11,11,,,,,,,,,,,,,,,,,,,,,,,,
HM12_state40_action50_iter30_orderbadsplit_seed7_formal5080,7,HM12,badsplit,14,bellman_operator,after_round,3.824860473163426,9.512448,120960,"[3, 3, 2]",3,2.6666666666666665,3,3,2,,,,,,,,,,,,,,,,,,,,,,,,
