task_name,seed,env,ordering,call_index,function_name,stage,elapsed_sec,memory_mb,function_eval_requests_so_far,rank_profile_json,rank_max,rank_mean,rank_1,rank_2,rank_3,rank_4,rank_5,rank_6,rank_7,rank_8,rank_9,rank_10,rank_11,rank_12,rank_13,rank_14,rank_15,rank_16,rank_17,rank_18,rank_19,rank_20,rank_21,rank_22,rank_23,rank_24,rank_25,rank_26,rank_27,rank_28,rank_29,rank_30,rank_31,rank_32,rank_33,rank_34,rank_35
HM16_state40_action50_iter30_orderpam_spectral_seed4_formal5080,4,HM16,pam_spectral,1,reward_fcn,after_cross_before_round,2.012639001943171,9.419776,321648,"[11, 11, 11, 11, 11, 11, 11, 11, 11, 11, 11, 11, 11, 11, 11, 11, 11, 11, 11, 11, 11, 11, 11, 11, 11, 11, 11, 11, 11, 11, 11, 11, 11, 11, 11]",11,11.0,11,11,11,11,11,11,11,11,11,11,11,11,11,11,11,11,11,11,11,11,11,11,11,11,11,11,11,11,11,11,11,11,11,11,11
HM16_state40_action50_iter30_orderpam_spectral_seed4_formal5080,4,HM16,pam_spectral,1,reward_fcn,after_round,2.097080330364406,8.588288,321648,"[2, 2, 2, 2, 3, 2, 3, 2, 3, 2, 3, 2, 3, 2, 3, 2, 3, 2, 3, 2, 3, 4, 3, 2, 3, 2, 3, 2, 3, 4, 3, 2, 3, 2, 2]",4,2.5428571428571427,2,2,2,2,3,2,3,2,3,2,3,2,3,2,3,2,3,2,3,2,3,4,3,2,3,2,3,2,3,4,3,2,3,2,2
HM16_state40_action50_iter30_orderpam_spectral_seed4_formal5080,4,HM16,pam_spectral,2,bellman_operator,after_cross_before_round,4.3112267246469855,9.110528,120960,"[11, 11, 11]",11,11.0,11,11,11,,,,,,,,,,,,,,,,,,,,,,,,,,,,,,,,
HM16_state40_action50_iter30_orderpam_spectral_seed4_formal5080,4,HM16,pam_spectral,2,bellman_operator,after_round,4.315434322692454,9.028608,120960,"[2, 1, 1]",2,1.3333333333333333,2,1,1,,,,,,,,,,,,,,,,,,,,,,,,,,,,,,,,
HM16_state40_action50_iter30_orderpam_spectral_seed4_formal5080,4,HM16,pam_spectral,3,get_advantage_from_value,after_cross_before_round,1.9441195456311107,9.91488,321648,"[11, 11, 11, 11, 11, 11, 11, 11, 11, 11, 11, 11, 11, 11, 11, 11, 11, 11, 11, 11, 11, 11, 11, 11, 11, 11, 11, 11, 11, 11, 11, 11, 11, 11, 11]",11,11.0,11,11,11,11,11,11,11,11,11,11,11,11,11,11,11,11,11,11,11,11,11,11,11,11,11,11,11,11,11,11,11,11,11,11,11
HM16_state40_action50_iter30_orderpam_spectral_seed4_formal5080,4,HM16,pam_spectral,3,get_advantage_from_value,after_round,1.985538076609373,9.051136,321648,"[3, 3, 2, 1, 1, 1, 1, 1, 1, 1, 1, 1, 1, 1, 1, 1, 1, 1, 1, 1, 1, 1, 1, 1, 1, 1, 1, 1, 1, 1, 1, 1, 1, 1, 1]",3,1.1428571428571428,3,3,2,1,1,1,1,1,1,1,1,1,1,1,1,1,1,1,1,1,1,1,1,1,1,1,1,1,1,1,1,1,1,1,1
HM16_state40_action50_iter30_orderpam_spectral_seed4_formal5080,4,HM16,pam_spectral,4,bellman_operator,after_cross_before_round,3.7163258204236627,8.966144,120960,"[11, 11, 11]",11,11.0,11,11,11,,,,,,,,,,,,,,,,,,,,,,,,,,,,,,,,
HM16_state40_action50_iter30_orderpam_spectral_seed4_formal5080,4,HM16,pam_spectral,4,bellman_operator,after_round,3.7223617862910032,8.884224,120960,"[2, 1, 1]",2,1.3333333333333333,2,1,1,,,,,,,,,,,,,,,,,,,,,,,,,,,,,,,,
HM16_state40_action50_iter30_orderpam_spectral_seed4_formal5080,4,HM16,pam_spectral,5,get_advantage_from_value,after_cross_before_round,2.0688670724630356,9.768448,321648,"[11, 11, 11, 11, 11, 11, 11, 11, 11, 11, 11, 11, 11, 11, 11, 11, 11, 11, 11, 11, 11, 11, 11, 11, 11, 11, 11, 11, 11, 11, 11, 11, 11, 11, 11]",11,11.0,11,11,11,11,11,11,11,11,11,11,11,11,11,11,11,11,11,11,11,11,11,11,11,11,11,11,11,11,11,11,11,11,11,11,11
HM16_state40_action50_iter30_orderpam_spectral_seed4_formal5080,4,HM16,pam_spectral,5,get_advantage_from_value,after_round,2.1130051193758845,8.904704,321648,"[3, 3, 2, 1, 1, 1, 1, 1, 1, 1, 1, 1, 1, 1, 1, 1, 1, 1, 1, 1, 1, 1, 1, 1, 1, 1, 1, 1, 1, 1, 1, 1, 1, 1, 1]",3,1.1428571428571428,3,3,2,1,1,1,1,1,1,1,1,1,1,1,1,1,1,1,1,1,1,1,1,1,1,1,1,1,1,1,1,1,1,1,1
HM16_state40_action50_iter30_orderpam_spectral_seed4_formal5080,4,HM16,pam_spectral,6,bellman_operator,after_cross_before_round,3.7115884572267532,8.966144,120960,"[11, 11, 11]",11,11.0,11,11,11,,,,,,,,,,,,,,,,,,,,,,,,,,,,,,,,
HM16_state40_action50_iter30_orderpam_spectral_seed4_formal5080,4,HM16,pam_spectral,6,bellman_operator,after_round,3.715018630027771,8.88832,120960,"[3, 3, 2]",3,2.6666666666666665,3,3,2,,,,,,,,,,,,,,,,,,,,,,,,,,,,,,,,
HM16_state40_action50_iter30_orderpam_spectral_seed4_formal5080,4,HM16,pam_spectral,7,get_advantage_from_value,after_cross_before_round,2.007198140025139,9.77664,321648,"[11, 11, 11, 11, 11, 11, 11, 11, 11, 11, 11, 11, 11, 11, 11, 11, 11, 11, 11, 11, 11, 11, 11, 11, 11, 11, 11, 11, 11, 11, 11, 11, 11, 11, 11]",11,11.0,11,11,11,11,11,11,11,11,11,11,11,11,11,11,11,11,11,11,11,11,11,11,11,11,11,11,11,11,11,11,11,11,11,11,11
HM16_state40_action50_iter30_orderpam_spectral_seed4_formal5080,4,HM16,pam_spectral,7,get_advantage_from_value,after_round,2.0584315732121468,8.912896,321648,"[3, 3, 2, 1, 1, 1, 1, 1, 1, 1, 1, 1, 1, 1, 1, 1, 1, 1, 1, 1, 1, 1, 1, 1, 1, 1, 1, 1, 1, 1, 1, 1, 1, 1, 1]",3,1.1428571428571428,3,3,2,1,1,1,1,1,1,1,1,1,1,1,1,1,1,1,1,1,1,1,1,1,1,1,1,1,1,1,1,1,1,1,1
HM16_state40_action50_iter30_orderpam_spectral_seed4_formal5080,4,HM16,pam_spectral,8,bellman_operator,after_cross_before_round,3.741700832732022,8.974336,120960,"[11, 11, 11]",11,11.0,11,11,11,,,,,,,,,,,,,,,,,,,,,,,,,,,,,,,,
HM16_state40_action50_iter30_orderpam_spectral_seed4_formal5080,4,HM16,pam_spectral,8,bellman_operator,after_round,3.7455216236412525,8.896512,120960,"[3, 3, 2]",3,2.6666666666666665,3,3,2,,,,,,,,,,,,,,,,,,,,,,,,,,,,,,,,
HM16_state40_action50_iter30_orderpam_spectral_seed4_formal5080,4,HM16,pam_spectral,9,get_advantage_from_value,after_cross_before_round,2.313917783088982,9.77664,321648,"[11, 11, 11, 11, 11, 11, 11, 11, 11, 11, 11, 11, 11, 11, 11, 11, 11, 11, 11, 11, 11, 11, 11, 11, 11, 11, 11, 11, 11, 11, 11, 11, 11, 11, 11]",11,11.0,11,11,11,11,11,11,11,11,11,11,11,11,11,11,11,11,11,11,11,11,11,11,11,11,11,11,11,11,11,11,11,11,11,11,11
HM16_state40_action50_iter30_orderpam_spectral_seed4_formal5080,4,HM16,pam_spectral,9,get_advantage_from_value,after_round,2.3582682153210044,8.912896,321648,"[3, 3, 2, 1, 1, 1, 1, 1, 1, 1, 1, 1, 1, 1, 1, 1, 1, 1, 1, 1, 1, 1, 1, 1, 1, 1, 1, 1, 1, 1, 1, 1, 1, 1, 1]",3,1.1428571428571428,3,3,2,1,1,1,1,1,1,1,1,1,1,1,1,1,1,1,1,1,1,1,1,1,1,1,1,1,1,1,1,1,1,1,1
HM16_state40_action50_iter30_orderpam_spectral_seed4_formal5080,4,HM16,pam_spectral,10,bellman_operator,after_cross_before_round,3.636711531318724,8.974336,120960,"[11, 11, 11]",11,11.0,11,11,11,,,,,,,,,,,,,,,,,,,,,,,,,,,,,,,,
HM16_state40_action50_iter30_orderpam_spectral_seed4_formal5080,4,HM16,pam_spectral,10,bellman_operator,after_round,3.641121440567076,8.896512,120960,"[3, 3, 2]",3,2.6666666666666665,3,3,2,,,,,,,,,,,,,,,,,,,,,,,,,,,,,,,,
HM16_state40_action50_iter30_orderpam_spectral_seed4_formal5080,4,HM16,pam_spectral,11,get_advantage_from_value,after_cross_before_round,1.945888246409595,9.77664,321648,"[11, 11, 11, 11, 11, 11, 11, 11, 11, 11, 11, 11, 11, 11, 11, 11, 11, 11, 11, 11, 11, 11, 11, 11, 11, 11, 11, 11, 11, 11, 11, 11, 11, 11, 11]",11,11.0,11,11,11,11,11,11,11,11,11,11,11,11,11,11,11,11,11,11,11,11,11,11,11,11,11,11,11,11,11,11,11,11,11,11,11
HM16_state40_action50_iter30_orderpam_spectral_seed4_formal5080,4,HM16,pam_spectral,11,get_advantage_from_value,after_round,1.9948285110294819,8.939008,321648,"[3, 3, 3, 2, 2, 2, 2, 2, 2, 2, 2, 2, 2, 2, 2, 2, 2, 2, 3, 2, 2, 2, 2, 2, 2, 2, 2, 2, 2, 2, 2, 2, 2, 2, 2]",3,2.1142857142857143,3,3,3,2,2,2,2,2,2,2,2,2,2,2,2,2,2,2,3,2,2,2,2,2,2,2,2,2,2,2,2,2,2,2,2
HM16_state40_action50_iter30_orderpam_spectral_seed4_formal5080,4,HM16,pam_spectral,12,bellman_operator,after_cross_before_round,4.382417037151754,9.089536,120960,"[11, 11, 11]",11,11.0,11,11,11,,,,,,,,,,,,,,,,,,,,,,,,,,,,,,,,
HM16_state40_action50_iter30_orderpam_spectral_seed4_formal5080,4,HM16,pam_spectral,12,bellman_operator,after_round,4.388114377856255,9.011712,120960,"[3, 3, 2]",3,2.6666666666666665,3,3,2,,,,,,,,,,,,,,,,,,,,,,,,,,,,,,,,
HM16_state40_action50_iter30_orderpam_spectral_seed4_formal5080,4,HM16,pam_spectral,13,get_advantage_from_value,after_cross_before_round,1.9211876839399338,9.89184,321648,"[11, 11, 11, 11, 11, 11, 11, 11, 11, 11, 11, 11, 11, 11, 11, 11, 11, 11, 11, 11, 11, 11, 11, 11, 11, 11, 11, 11, 11, 11, 11, 11, 11, 11, 11]",11,11.0,11,11,11,11,11,11,11,11,11,11,11,11,11,11,11,11,11,11,11,11,11,11,11,11,11,11,11,11,11,11,11,11,11,11,11
HM16_state40_action50_iter30_orderpam_spectral_seed4_formal5080,4,HM16,pam_spectral,13,get_advantage_from_value,after_round,1.9671105472370982,9.093632,321648,"[3, 3, 3, 3, 4, 3, 4, 3, 4, 3, 4, 3, 4, 3, 4, 3, 4, 3, 4, 3, 4, 4, 3, 3, 4, 3, 3, 2, 3, 4, 3, 2, 3, 2, 2]",4,3.2285714285714286,3,3,3,3,4,3,4,3,4,3,4,3,4,3,4,3,4,3,4,3,4,4,3,3,4,3,3,2,3,4,3,2,3,2,2
HM16_state40_action50_iter30_orderpam_spectral_seed4_formal5080,4,HM16,pam_spectral,14,bellman_operator,after_cross_before_round,4.557435415685177,9.274368,120960,"[11, 11, 11]",11,11.0,11,11,11,,,,,,,,,,,,,,,,,,,,,,,,,,,,,,,,
HM16_state40_action50_iter30_orderpam_spectral_seed4_formal5080,4,HM16,pam_spectral,14,bellman_operator,after_round,4.562789651565254,9.196544,120960,"[3, 3, 2]",3,2.6666666666666665,3,3,2,,,,,,,,,,,,,,,,,,,,,,,,,,,,,,,,
HM16_state40_action50_iter30_orderpam_spectral_seed4_formal5080,4,HM16,pam_spectral,15,get_advantage_from_value,after_cross_before_round,5.211182073689997,12.393472,1119942,"[21, 21, 21, 21, 21, 21, 21, 21, 21, 21, 21, 21, 21, 21, 21, 21, 21, 21, 21, 21, 21, 21, 21, 21, 21, 21, 21, 21, 21, 21, 21, 21, 21, 21, 21]",21,21.0,21,21,21,21,21,21,21,21,21,21,21,21,21,21,21,21,21,21,21,21,21,21,21,21,21,21,21,21,21,21,21,21,21,21,21
HM16_state40_action50_iter30_orderpam_spectral_seed4_formal5080,4,HM16,pam_spectral,15,get_advantage_from_value,after_round,5.275666574947536,9.279488,1119942,"[3, 3, 3, 3, 4, 3, 4, 3, 4, 3, 4, 3, 4, 3, 4, 3, 4, 3, 4, 3, 4, 5, 4, 3, 4, 3, 3, 2, 3, 4, 3, 2, 3, 2, 2]",5,3.2857142857142856,3,3,3,3,4,3,4,3,4,3,4,3,4,3,4,3,4,3,4,3,4,5,4,3,4,3,3,2,3,4,3,2,3,2,2
HM16_state40_action50_iter30_orderpam_spectral_seed4_formal5080,4,HM16,pam_spectral,16,bellman_operator,after_cross_before_round,4.574979737401009,9.280512,120960,"[11, 11, 11]",11,11.0,11,11,11,,,,,,,,,,,,,,,,,,,,,,,,,,,,,,,,
HM16_state40_action50_iter30_orderpam_spectral_seed4_formal5080,4,HM16,pam_spectral,16,bellman_operator,after_round,4.580913263373077,9.202688,120960,"[3, 3, 2]",3,2.6666666666666665,3,3,2,,,,,,,,,,,,,,,,,,,,,,,,,,,,,,,,
HM16_state40_action50_iter30_orderpam_spectral_seed4_formal5080,4,HM16,pam_spectral,17,get_advantage_from_value,after_cross_before_round,5.5484838197007775,12.399616,1119942,"[21, 21, 21, 21, 21, 21, 21, 21, 21, 21, 21, 21, 21, 21, 21, 21, 21, 21, 21, 21, 21, 21, 21, 21, 21, 21, 21, 21, 21, 21, 21, 21, 21, 21, 21]",21,21.0,21,21,21,21,21,21,21,21,21,21,21,21,21,21,21,21,21,21,21,21,21,21,21,21,21,21,21,21,21,21,21,21,21,21,21
HM16_state40_action50_iter30_orderpam_spectral_seed4_formal5080,4,HM16,pam_spectral,17,get_advantage_from_value,after_round,5.6156251430511475,9.288192,1119942,"[3, 3, 3, 3, 4, 3, 4, 3, 4, 3, 4, 3, 4, 3, 4, 3, 4, 3, 4, 3, 4, 5, 4, 3, 4, 3, 4, 3, 4, 4, 3, 2, 3, 2, 2]",5,3.3714285714285714,3,3,3,3,4,3,4,3,4,3,4,3,4,3,4,3,4,3,4,3,4,5,4,3,4,3,4,3,4,4,3,2,3,2,2
HM16_state40_action50_iter30_orderpam_spectral_seed4_formal5080,4,HM16,pam_spectral,18,bellman_operator,after_cross_before_round,4.565820129588246,9.292288,120960,"[11, 11, 11]",11,11.0,11,11,11,,,,,,,,,,,,,,,,,,,,,,,,,,,,,,,,
HM16_state40_action50_iter30_orderpam_spectral_seed4_formal5080,4,HM16,pam_spectral,18,bellman_operator,after_round,4.571054447442293,9.214464,120960,"[3, 3, 2]",3,2.6666666666666665,3,3,2,,,,,,,,,,,,,,,,,,,,,,,,,,,,,,,,
HM16_state40_action50_iter30_orderpam_spectral_seed4_formal5080,4,HM16,pam_spectral,19,get_advantage_from_value,after_cross_before_round,5.697371629066765,12.411392,1119942,"[21, 21, 21, 21, 21, 21, 21, 21, 21, 21, 21, 21, 21, 21, 21, 21, 21, 21, 21, 21, 21, 21, 21, 21, 21, 21, 21, 21, 21, 21, 21, 21, 21, 21, 21]",21,21.0,21,21,21,21,21,21,21,21,21,21,21,21,21,21,21,21,21,21,21,21,21,21,21,21,21,21,21,21,21,21,21,21,21,21,21
HM16_state40_action50_iter30_orderpam_spectral_seed4_formal5080,4,HM16,pam_spectral,19,get_advantage_from_value,after_round,5.762893304228783,9.309184,1119942,"[3, 3, 3, 3, 4, 3, 4, 3, 4, 3, 4, 3, 4, 3, 4, 3, 4, 3, 4, 3, 4, 5, 4, 3, 4, 3, 4, 3, 5, 5, 4, 3, 4, 3, 3]",5,3.5714285714285716,3,3,3,3,4,3,4,3,4,3,4,3,4,3,4,3,4,3,4,3,4,5,4,3,4,3,4,3,5,5,4,3,4,3,3
HM16_state40_action50_iter30_orderpam_spectral_seed4_formal5080,4,HM16,pam_spectral,20,bellman_operator,after_cross_before_round,4.632170561701059,9.330176,120960,"[11, 11, 11]",11,11.0,11,11,11,,,,,,,,,,,,,,,,,,,,,,,,,,,,,,,,
HM16_state40_action50_iter30_orderpam_spectral_seed4_formal5080,4,HM16,pam_spectral,20,bellman_operator,after_round,4.63892518542707,9.252352,120960,"[3, 3, 2]",3,2.6666666666666665,3,3,2,,,,,,,,,,,,,,,,,,,,,,,,,,,,,,,,
HM16_state40_action50_iter30_orderpam_spectral_seed4_formal5080,4,HM16,pam_spectral,21,get_advantage_from_value,after_cross_before_round,9.434686104767025,16.212992,2857616,"[31, 31, 31, 31, 31, 31, 31, 31, 31, 31, 31, 31, 31, 31, 31, 31, 31, 31, 31, 31, 31, 31, 31, 31, 31, 31, 31, 31, 31, 31, 31, 31, 31, 31, 31]",31,31.0,31,31,31,31,31,31,31,31,31,31,31,31,31,31,31,31,31,31,31,31,31,31,31,31,31,31,31,31,31,31,31,31,31,31,31
HM16_state40_action50_iter30_orderpam_spectral_seed4_formal5080,4,HM16,pam_spectral,21,get_advantage_from_value,after_round,9.52898775972426,9.369088,2857616,"[3, 4, 4, 4, 5, 4, 5, 4, 5, 4, 5, 4, 5, 4, 5, 4, 5, 4, 5, 4, 4, 5, 4, 3, 4, 3, 4, 3, 4, 4, 3, 2, 3, 2, 2]",5,3.914285714285714,3,4,4,4,5,4,5,4,5,4,5,4,5,4,5,4,5,4,5,4,4,5,4,3,4,3,4,3,4,4,3,2,3,2,2
HM16_state40_action50_iter30_orderpam_spectral_seed4_formal5080,4,HM16,pam_spectral,22,bellman_operator,after_cross_before_round,4.8362877080217,9.427968,120960,"[11, 11, 11]",11,11.0,11,11,11,,,,,,,,,,,,,,,,,,,,,,,,,,,,,,,,
HM16_state40_action50_iter30_orderpam_spectral_seed4_formal5080,4,HM16,pam_spectral,22,bellman_operator,after_round,4.84160914644599,9.350144,120960,"[3, 3, 2]",3,2.6666666666666665,3,3,2,,,,,,,,,,,,,,,,,,,,,,,,,,,,,,,,
HM16_state40_action50_iter30_orderpam_spectral_seed4_formal5080,4,HM16,pam_spectral,23,get_advantage_from_value,after_cross_before_round,8.633130226284266,16.310784,2857616,"[31, 31, 31, 31, 31, 31, 31, 31, 31, 31, 31, 31, 31, 31, 31, 31, 31, 31, 31, 31, 31, 31, 31, 31, 31, 31, 31, 31, 31, 31, 31, 31, 31, 31, 31]",31,31.0,31,31,31,31,31,31,31,31,31,31,31,31,31,31,31,31,31,31,31,31,31,31,31,31,31,31,31,31,31,31,31,31,31,31,31
HM16_state40_action50_iter30_orderpam_spectral_seed4_formal5080,4,HM16,pam_spectral,23,get_advantage_from_value,after_round,8.72654296644032,9.47456,2857616,"[3, 4, 4, 4, 5, 4, 5, 5, 5, 5, 5, 4, 5, 4, 5, 4, 5, 4, 5, 4, 5, 5, 4, 3, 4, 3, 4, 3, 4, 4, 3, 2, 3, 2, 2]",5,4.0,3,4,4,4,5,4,5,5,5,5,5,4,5,4,5,4,5,4,5,4,5,5,4,3,4,3,4,3,4,4,3,2,3,2,2
HM16_state40_action50_iter30_orderpam_spectral_seed4_formal5080,4,HM16,pam_spectral,24,bellman_operator,after_cross_before_round,4.846152905374765,9.458176,120960,"[11, 11, 11]",11,11.0,11,11,11,,,,,,,,,,,,,,,,,,,,,,,,,,,,,,,,
HM16_state40_action50_iter30_orderpam_spectral_seed4_formal5080,4,HM16,pam_spectral,24,bellman_operator,after_round,4.8544165128842,9.380352,120960,"[3, 3, 2]",3,2.6666666666666665,3,3,2,,,,,,,,,,,,,,,,,,,,,,,,,,,,,,,,
