task_name,seed,env,ordering,event_index,model,iteration,stage,memory_mb,rank_profile_json,rank_max,rank_mean,rank_1,rank_2,rank_3,rank_4,rank_5,rank_6,rank_7,rank_8,rank_9,rank_10,rank_11,rank_12,rank_13,rank_14,rank_15,rank_16,rank_17,rank_18,rank_19,rank_20,rank_21,rank_22,rank_23,rank_24,rank_25,rank_26,rank_27
HM12_state40_action50_iter30_orderlocal_seed9_formal5080,9,HM12,local,1,advantage,1,after_compute,8.912384,"[3, 3, 2, 1, 1, 1, 1, 1, 1, 1, 1, 1, 1, 1, 1, 1, 1, 1, 1, 1, 1, 1, 1, 1, 1, 1, 1]",3,1.1851851851851851,3,3,2,1,1,1,1,1,1,1,1,1,1,1,1,1,1,1,1,1,1,1,1,1,1,1,1
HM12_state40_action50_iter30_orderlocal_seed9_formal5080,9,HM12,local,2,advantage,1,after_compute,8.828416,"[3, 3, 2, 1, 1, 1, 1, 1, 1, 1, 1, 1, 1, 1, 1, 1, 1, 1, 1, 1, 1, 1, 1, 1, 1, 1, 1]",3,1.1851851851851851,3,3,2,1,1,1,1,1,1,1,1,1,1,1,1,1,1,1,1,1,1,1,1,1,1,1,1
HM12_state40_action50_iter30_orderlocal_seed9_formal5080,9,HM12,local,3,advantage,1,after_compute,8.836608,"[3, 3, 2, 1, 1, 1, 1, 1, 1, 1, 1, 1, 1, 1, 1, 1, 1, 1, 1, 1, 1, 1, 1, 1, 1, 1, 1]",3,1.1851851851851851,3,3,2,1,1,1,1,1,1,1,1,1,1,1,1,1,1,1,1,1,1,1,1,1,1,1,1
HM12_state40_action50_iter30_orderlocal_seed9_formal5080,9,HM12,local,4,advantage,1,after_compute,8.836608,"[3, 3, 2, 1, 1, 1, 1, 1, 1, 1, 1, 1, 1, 1, 1, 1, 1, 1, 1, 1, 1, 1, 1, 1, 1, 1, 1]",3,1.1851851851851851,3,3,2,1,1,1,1,1,1,1,1,1,1,1,1,1,1,1,1,1,1,1,1,1,1,1,1
HM12_state40_action50_iter30_orderlocal_seed9_formal5080,9,HM12,local,5,advantage,1,after_compute,8.836608,"[3, 3, 2, 1, 1, 1, 1, 1, 1, 1, 1, 1, 1, 1, 1, 1, 1, 1, 1, 1, 1, 1, 1, 1, 1, 1, 1]",3,1.1851851851851851,3,3,2,1,1,1,1,1,1,1,1,1,1,1,1,1,1,1,1,1,1,1,1,1,1,1,1
HM12_state40_action50_iter30_orderlocal_seed9_formal5080,9,HM12,local,6,advantage,1,after_compute,8.886272,"[3, 3, 3, 3, 4, 3, 3, 3, 3, 3, 4, 3, 4, 3, 4, 3, 4, 3, 4, 3, 4, 3, 3, 2, 3, 2, 2]",4,3.1481481481481484,3,3,3,3,4,3,3,3,3,3,4,3,4,3,4,3,4,3,4,3,4,3,3,2,3,2,2
HM12_state40_action50_iter30_orderlocal_seed9_formal5080,9,HM12,local,7,advantage,1,after_compute,9.061376,"[3, 3, 3, 3, 4, 3, 4, 3, 4, 3, 4, 3, 4, 3, 4, 3, 4, 3, 4, 3, 4, 3, 3, 2, 3, 2, 2]",4,3.2222222222222223,3,3,3,3,4,3,4,3,4,3,4,3,4,3,4,3,4,3,4,3,4,3,3,2,3,2,2
HM12_state40_action50_iter30_orderlocal_seed9_formal5080,9,HM12,local,8,advantage,1,after_compute,9.072128,"[3, 3, 3, 3, 4, 3, 4, 3, 4, 3, 4, 3, 4, 3, 4, 3, 4, 3, 4, 3, 4, 3, 4, 3, 3, 2, 2]",4,3.2962962962962963,3,3,3,3,4,3,4,3,4,3,4,3,4,3,4,3,4,3,4,3,4,3,4,3,3,2,2
HM12_state40_action50_iter30_orderlocal_seed9_formal5080,9,HM12,local,9,advantage,1,after_compute,9.07776,"[3, 3, 3, 3, 4, 3, 4, 3, 4, 3, 4, 3, 4, 3, 4, 3, 4, 3, 4, 3, 4, 3, 3, 2, 3, 2, 2]",4,3.2222222222222223,3,3,3,3,4,3,4,3,4,3,4,3,4,3,4,3,4,3,4,3,4,3,3,2,3,2,2
HM12_state40_action50_iter30_orderlocal_seed9_formal5080,9,HM12,local,10,advantage,1,after_compute,9.072128,"[3, 3, 3, 3, 4, 3, 4, 3, 4, 3, 4, 3, 4, 3, 4, 3, 4, 3, 4, 3, 4, 3, 4, 3, 3, 2, 2]",4,3.2962962962962963,3,3,3,3,4,3,4,3,4,3,4,3,4,3,4,3,4,3,4,3,4,3,4,3,3,2,2
HM12_state40_action50_iter30_orderlocal_seed9_formal5080,9,HM12,local,11,advantage,1,after_compute,9.08032,"[3, 3, 3, 3, 4, 3, 4, 3, 4, 3, 4, 3, 4, 3, 4, 3, 4, 3, 4, 3, 4, 3, 4, 3, 3, 2, 2]",4,3.2962962962962963,3,3,3,3,4,3,4,3,4,3,4,3,4,3,4,3,4,3,4,3,4,3,4,3,3,2,2
HM12_state40_action50_iter30_orderlocal_seed9_formal5080,9,HM12,local,12,advantage,1,after_compute,9.092608,"[3, 3, 3, 3, 4, 3, 4, 3, 4, 3, 4, 3, 4, 3, 4, 3, 4, 4, 5, 4, 5, 4, 5, 4, 4, 3, 2]",5,3.6296296296296298,3,3,3,3,4,3,4,3,4,3,4,3,4,3,4,3,4,4,5,4,5,4,5,4,4,3,2
HM12_state40_action50_iter30_orderlocal_seed9_formal5080,9,HM12,local,13,advantage,1,after_compute,9.135616,"[3, 4, 4, 3, 4, 3, 4, 3, 4, 3, 4, 3, 4, 3, 4, 3, 4, 3, 4, 4, 5, 4, 5, 4, 4, 3, 2]",5,3.6296296296296298,3,4,4,3,4,3,4,3,4,3,4,3,4,3,4,3,4,3,4,4,5,4,5,4,4,3,2
HM12_state40_action50_iter30_orderlocal_seed9_formal5080,9,HM12,local,14,advantage,1,after_compute,9.14432,"[3, 5, 4, 3, 4, 3, 4, 3, 4, 3, 4, 3, 4, 3, 4, 3, 4, 4, 5, 4, 5, 4, 5, 4, 4, 3, 2]",5,3.740740740740741,3,5,4,3,4,3,4,3,4,3,4,3,4,3,4,3,4,4,5,4,5,4,5,4,4,3,2
HM12_state40_action50_iter30_orderlocal_seed9_formal5080,9,HM12,local,15,advantage,1,after_compute,9.238528,"[4, 5, 4, 3, 4, 3, 4, 3, 4, 3, 4, 3, 4, 3, 4, 4, 6, 6, 8, 8, 9, 7, 9, 8, 7, 5, 2]",9,4.962962962962963,4,5,4,3,4,3,4,3,4,3,4,3,4,3,4,4,6,6,8,8,9,7,9,8,7,5,2
HM12_state40_action50_iter30_orderlocal_seed9_formal5080,9,HM12,local,16,advantage,1,after_compute,9.3568,"[4, 5, 4, 3, 4, 3, 4, 3, 4, 3, 4, 3, 4, 3, 4, 3, 4, 3, 4, 3, 4, 3, 4, 3, 3, 3, 2]",5,3.4814814814814814,4,5,4,3,4,3,4,3,4,3,4,3,4,3,4,3,4,3,4,3,4,3,4,3,3,3,2
HM12_state40_action50_iter30_orderlocal_seed9_formal5080,9,HM12,local,17,advantage,1,after_compute,9.124864,"[4, 5, 4, 3, 4, 3, 4, 3, 4, 3, 4, 3, 4, 3, 4, 3, 4, 3, 4, 4, 5, 4, 5, 4, 4, 3, 2]",5,3.7037037037037037,4,5,4,3,4,3,4,3,4,3,4,3,4,3,4,3,4,3,4,4,5,4,5,4,4,3,2
HM12_state40_action50_iter30_orderlocal_seed9_formal5080,9,HM12,local,18,advantage,1,after_compute,9.227264,"[4, 5, 4, 3, 4, 3, 4, 3, 4, 4, 5, 5, 6, 5, 6, 5, 7, 7, 8, 6, 8, 6, 7, 6, 5, 3, 2]",8,5.0,4,5,4,3,4,3,4,3,4,4,5,5,6,5,6,5,7,7,8,6,8,6,7,6,5,3,2
HM12_state40_action50_iter30_orderlocal_seed9_formal5080,9,HM12,local,19,advantage,1,after_compute,9.3696,"[4, 5, 4, 3, 4, 3, 4, 3, 4, 3, 4, 3, 4, 3, 4, 4, 5, 5, 5, 4, 5, 4, 5, 4, 4, 3, 2]",5,3.888888888888889,4,5,4,3,4,3,4,3,4,3,4,3,4,3,4,4,5,5,5,4,5,4,5,4,4,3,2
HM12_state40_action50_iter30_orderlocal_seed9_formal5080,9,HM12,local,20,advantage,1,after_compute,9.298432,"[4, 6, 5, 3, 4, 3, 4, 4, 5, 4, 5, 5, 7, 7, 8, 7, 9, 8, 8, 6, 8, 6, 8, 7, 6, 4, 2]",9,5.666666666666667,4,6,5,3,4,3,4,4,5,4,5,5,7,7,8,7,9,8,8,6,8,6,8,7,6,4,2
HM12_state40_action50_iter30_orderlocal_seed9_formal5080,9,HM12,local,21,advantage,1,after_compute,9.744384,"[4, 7, 6, 4, 5, 4, 5, 4, 6, 6, 8, 8, 11, 10, 11, 8, 11, 10, 12, 9, 11, 8, 10, 8, 7, 5, 2]",12,7.407407407407407,4,7,6,4,5,4,5,4,6,6,8,8,11,10,11,8,11,10,12,9,11,8,10,8,7,5,2
HM12_state40_action50_iter30_orderlocal_seed9_formal5080,9,HM12,local,22,advantage,1,after_compute,9.952256,"[4, 7, 5, 4, 5, 4, 5, 4, 5, 4, 5, 4, 5, 5, 6, 5, 6, 6, 8, 7, 9, 7, 8, 7, 6, 5, 2]",9,5.481481481481482,4,7,5,4,5,4,5,4,5,4,5,4,5,5,6,5,6,6,8,7,9,7,8,7,6,5,2
HM12_state40_action50_iter30_orderlocal_seed9_formal5080,9,HM12,local,23,advantage,1,after_compute,9.520128,"[5, 7, 5, 4, 5, 4, 5, 4, 5, 4, 5, 4, 5, 4, 5, 4, 6, 5, 7, 6, 8, 6, 8, 7, 6, 4, 2]",8,5.185185185185185,5,7,5,4,5,4,5,4,5,4,5,4,5,4,5,4,6,5,7,6,8,6,8,7,6,4,2
HM12_state40_action50_iter30_orderlocal_seed9_formal5080,9,HM12,local,24,advantage,1,after_compute,9.42336,"[5, 7, 5, 3, 4, 3, 4, 3, 4, 3, 4, 4, 5, 4, 5, 4, 5, 4, 5, 4, 6, 5, 6, 5, 5, 3, 2]",7,4.333333333333333,5,7,5,3,4,3,4,3,4,3,4,4,5,4,5,4,5,4,5,4,6,5,6,5,5,3,2
HM12_state40_action50_iter30_orderlocal_seed9_formal5080,9,HM12,local,25,advantage,1,after_compute,9.65376,"[5, 7, 6, 5, 6, 5, 6, 5, 8, 6, 8, 8, 10, 9, 11, 10, 13, 13, 14, 13, 14, 11, 13, 11, 9, 7, 2]",14,8.703703703703704,5,7,6,5,6,5,6,5,8,6,8,8,10,9,11,10,13,13,14,13,14,11,13,11,9,7,2
HM12_state40_action50_iter30_orderlocal_seed9_formal5080,9,HM12,local,26,advantage,1,after_compute,10.328064,"[5, 7, 6, 5, 6, 5, 6, 5, 6, 5, 6, 5, 7, 6, 8, 6, 8, 7, 9, 7, 8, 6, 8, 7, 6, 5, 2]",9,6.185185185185185,5,7,6,5,6,5,6,5,6,5,6,5,7,6,8,6,8,7,9,7,8,6,8,7,6,5,2
HM12_state40_action50_iter30_orderlocal_seed9_formal5080,9,HM12,local,27,advantage,1,after_compute,9.94048,"[5, 8, 8, 6, 7, 6, 7, 6, 7, 6, 7, 6, 7, 7, 10, 8, 12, 12, 14, 12, 15, 11, 13, 12, 9, 6, 2]",15,8.481481481481481,5,8,8,6,7,6,7,6,7,6,7,6,7,7,10,8,12,12,14,12,15,11,13,12,9,6,2
